iso_639_3,fileName,Language,Stock,Stock_coarse,Region,Region_coarse,L1_speakers,L2_speakers,RatioL2,PercL2,LDT,LDTinv,LDTscaled,measure,text,genus_wals,family_wals
nus,zipf_stats_nus-x-bible-nuer-v1.txt,nuer,Nilotic,Other,African Savannah  ,African Savannah  ,740000,1122,0.001516216,0.001513921,1.797071307,-0.797071307,-1.898547143,a,PBC,Nilotic,Nilo-Saharan
nus,zipf_stats_nus-x-bible-nuer-v1.txt,nuer,Nilotic,Other,African Savannah  ,African Savannah  ,740000,1122,0.001516216,0.001513921,6.249819613,6.249819613,-1.47466937,H,PBC,Nilotic,Nilo-Saharan
nus,zipf_stats_nus-x-bible-nuer-v1.txt,nuer,Nilotic,Other,African Savannah  ,African Savannah  ,740000,1122,0.001516216,0.001513921,0.050548182,0.050548182,-0.779143826,TTR,PBC,Nilotic,Nilo-Saharan
hun,freqlist_hungarian.csv,hungarian,Uralic,Uralic,Europe,Europe,13500635,203966,0.015107882,0.014883031,1.037505782,-0.037505782,1.817028671,a,EPC,Ugric,Ura
hun,freqlist_hungarian.csv,hungarian,Uralic,Uralic,Europe,Europe,13500635,203966,0.015107882,0.014883031,11.57219824,11.57219824,0.685501067,H,EPC,Ugric,Ura
hun,freqlist_hungarian.csv,hungarian,Uralic,Uralic,Europe,Europe,13500635,203966,0.015107882,0.014883031,0.033690286,0.033690286,1.346247031,TTR,EPC,Ugric,Ura
hun,zipf_stats_hun-x-bible-magyarbibrevisited-v1.txt,magyarbibrevisited,Uralic,Uralic,Europe,Europe,13500635,203966,0.015107882,0.014883031,1.049379756,-0.049379756,0.859126605,a,PBC,Ugric,Uralic
hun,zipf_stats_hun-x-bible-magyarbibrevisited-v1.txt,magyarbibrevisited,Uralic,Uralic,Europe,Europe,13500635,203966,0.015107882,0.014883031,7.90154554,7.90154554,-0.071769967,H,PBC,Ugric,Uralic
hun,zipf_stats_hun-x-bible-magyarbibrevisited-v1.txt,magyarbibrevisited,Uralic,Uralic,Europe,Europe,13500635,203966,0.015107882,0.014883031,0.141581319,0.141581319,0.531482157,TTR,PBC,Ugric,Uralic
hun,udhr_hun.csv,Hungarian,Uralic,Uralic,Europe,Europe,13500635,203966,0.015107882,0.0149,0.761085921,0.238914079,0.711870862,a,UDHR,Ugric,Uralic
hun,udhr_hun.csv,Hungarian,Uralic,Uralic,Europe,Europe,13500635,203966,0.015107882,0.0149,8.258806428,8.258806428,0.594636857,H,UDHR,Ugric,Uralic
hun,udhr_hun.csv,Hungarian,Uralic,Uralic,Europe,Europe,13500635,203966,0.015107882,0.0149,0.476623377,0.476623377,0.818228743,TTR,UDHR,Ugric,Uralic
kat,udhr_kat.csv,Georgian,Kartvelian,Other,Greater Mesopotamia,Greater Mesopotamia,4255270,80000,0.018800217,0.0185,0.682024066,0.317975934,1.088108383,a,UDHR,Kartvelian,Kartvelian
kat,udhr_kat.csv,Georgian,Kartvelian,Other,Greater Mesopotamia,Greater Mesopotamia,4255270,80000,0.018800217,0.0185,8.458088372,8.458088372,0.899690401,H,UDHR,Kartvelian,Kartvelian
kat,udhr_kat.csv,Georgian,Kartvelian,Other,Greater Mesopotamia,Greater Mesopotamia,4255270,80000,0.018800217,0.0185,0.5056899,0.5056899,1.041570258,TTR,UDHR,Kartvelian,Kartvelian
tir,udhr_tir.csv,Tigrinya ,Semitic,Semitic,Greater Abyssinia  ,Other,5791710,146934,0.025369709,0.0247,0.776251738,0.223748262,0.639700162,a,UDHR,Semitic,Afro-Asiatic
tir,udhr_tir.csv,Tigrinya ,Semitic,Semitic,Greater Abyssinia  ,Other,5791710,146934,0.025369709,0.0247,8.397768088,8.397768088,0.807354307,H,UDHR,Semitic,Afro-Asiatic
tir,udhr_tir.csv,Tigrinya ,Semitic,Semitic,Greater Abyssinia  ,Other,5791710,146934,0.025369709,0.0247,0.497807018,0.497807018,0.980999719,TTR,UDHR,Semitic,Afro-Asiatic
pol,freqlist_polish.csv,polish,Indo-European,Indo-European,Europe,Europe,39990670,1145760,0.028650683,0.027852684,1.099892462,-0.099892462,0.788176018,a,EPC,Slavic,IE
pol,freqlist_polish.csv,polish,Indo-European,Indo-European,Europe,Europe,39990670,1145760,0.028650683,0.027852684,11.75314063,11.75314063,0.869903004,H,EPC,Slavic,IE
pol,freqlist_polish.csv,polish,Indo-European,Indo-European,Europe,Europe,39990670,1145760,0.028650683,0.027852684,0.019711433,0.019711433,0.130848189,TTR,EPC,Slavic,IE
pol,zipf_stats_pol-x-bible-polishnull-v1.txt,polishnull,Indo-European,Indo-European,Europe,Europe,39990670,1145760,0.028650683,0.027852684,1.106513301,-0.106513301,0.648403775,a,PBC,Slavic,Indo-European
pol,zipf_stats_pol-x-bible-polishnull-v1.txt,polishnull,Indo-European,Indo-European,Europe,Europe,39990670,1145760,0.028650683,0.027852684,8.228723132,8.228723132,0.206119508,H,PBC,Slavic,Indo-European
pol,zipf_stats_pol-x-bible-polishnull-v1.txt,polishnull,Indo-European,Indo-European,Europe,Europe,39990670,1145760,0.028650683,0.027852684,0.131655055,0.131655055,0.388571337,TTR,PBC,Slavic,Indo-European
pol,udhr_pol.csv,Polish,Indo-European,Indo-European,Europe,Europe,39990670,1145760,0.028650683,0.0279,0.760917424,0.239082576,0.712672698,a,UDHR,Slavic,Indo-European
pol,udhr_pol.csv,Polish,Indo-European,Indo-European,Europe,Europe,39990670,1145760,0.028650683,0.0279,8.401299803,8.401299803,0.812760528,H,UDHR,Slavic,Indo-European
pol,udhr_pol.csv,Polish,Indo-European,Indo-European,Europe,Europe,39990670,1145760,0.028650683,0.0279,0.463091483,0.463091483,0.714252302,TTR,UDHR,Slavic,Indo-European
fin,freqlist_finnish.csv,finnish,Uralic,Uralic,Inner Asia,Inner Asia,5504695,161243,0.029291904,0.028458307,1.046435481,-0.046435481,1.669764147,a,EPC,Finnic,Ura
fin,freqlist_finnish.csv,finnish,Uralic,Uralic,Inner Asia,Inner Asia,5504695,161243,0.029291904,0.028458307,12.56137847,12.56137847,1.693593999,H,EPC,Finnic,Ura
fin,freqlist_finnish.csv,finnish,Uralic,Uralic,Inner Asia,Inner Asia,5504695,161243,0.029291904,0.028458307,0.04268088,0.04268088,2.127938995,TTR,EPC,Finnic,Ura
fin,zipf_stats_fin-x-bible-finna-v1.txt,finna,Uralic,Uralic,Inner Asia,Inner Asia,5504695,161243,0.029291904,0.028458307,0.949827078,0.050172922,1.226301819,a,PBC,Finnic,Uralic
fin,zipf_stats_fin-x-bible-finna-v1.txt,finna,Uralic,Uralic,Inner Asia,Inner Asia,5504695,161243,0.029291904,0.028458307,8.852916766,8.852916766,0.736280633,H,PBC,Finnic,Uralic
fin,zipf_stats_fin-x-bible-finna-v1.txt,finna,Uralic,Uralic,Inner Asia,Inner Asia,5504695,161243,0.029291904,0.028458307,0.189077887,0.189077887,1.21530168,TTR,PBC,Finnic,Uralic
fin,udhr_fin.csv,Finnish,Uralic,Uralic,Inner Asia,Inner Asia,5504695,161243,0.029291904,0.0285,0.635251506,0.364748494,1.310688438,a,UDHR,Finnic,Uralic
fin,udhr_fin.csv,Finnish,Uralic,Uralic,Inner Asia,Inner Asia,5504695,161243,0.029291904,0.0285,8.714531118,8.714531118,1.292243621,H,UDHR,Finnic,Uralic
fin,udhr_fin.csv,Finnish,Uralic,Uralic,Inner Asia,Inner Asia,5504695,161243,0.029291904,0.0285,0.59025788,0.59025788,1.691374162,TTR,UDHR,Finnic,Uralic
isl,udhr_isl.csv,Icelandic,Indo-European,Indo-European,Europe,Europe,269025,9553,0.035509711,0.0343,0.769994565,0.230005435,0.669476635,a,UDHR,Germanic,Indo-European
isl,udhr_isl.csv,Icelandic,Indo-European,Indo-European,Europe,Europe,269025,9553,0.035509711,0.0343,8.324281104,8.324281104,0.694863108,H,UDHR,Germanic,Indo-European
isl,udhr_isl.csv,Icelandic,Indo-European,Indo-European,Europe,Europe,269025,9553,0.035509711,0.0343,0.434405941,0.434405941,0.493838177,TTR,UDHR,Germanic,Indo-European
som,zipf_stats_som-x-bible-somal-v1.txt,somal,Cushitic,Other,Greater Abyssinia  ,Other,13871700,500000,0.036044609,0.034790595,0.989933368,0.010066632,1.078379773,a,PBC,Eastern Cushitic,Afro-Asiatic
som,zipf_stats_som-x-bible-somal-v1.txt,somal,Cushitic,Other,Greater Abyssinia  ,Other,13871700,500000,0.036044609,0.034790595,9.600822146,9.600822146,1.371516779,H,PBC,Eastern Cushitic,Afro-Asiatic
som,zipf_stats_som-x-bible-somal-v1.txt,somal,Cushitic,Other,Greater Abyssinia  ,Other,13871700,500000,0.036044609,0.034790595,0.16821112,0.16821112,0.914877812,TTR,PBC,Eastern Cushitic,Afro-Asiatic
som,udhr_som.csv,Somali,Cushitic,Other,Greater Abyssinia  ,Other,13871700,500000,0.036044609,0.0348,0.93061676,0.069383241,-0.094888136,a,UDHR,Eastern Cushitic,Afro-Asiatic
som,udhr_som.csv,Somali,Cushitic,Other,Greater Abyssinia  ,Other,13871700,500000,0.036044609,0.0348,8.203079604,8.203079604,0.509332264,H,UDHR,Eastern Cushitic,Afro-Asiatic
som,udhr_som.csv,Somali,Cushitic,Other,Greater Abyssinia  ,Other,13871700,500000,0.036044609,0.0348,0.378609626,0.378609626,0.065110146,TTR,UDHR,Eastern Cushitic,Afro-Asiatic
tsn,udhr_tsn.csv,Tswana ,Benue-Congo,Benue-Congo,S Africa,S Africa,4460850,175000,0.039230192,0.0377,1.087036083,-0.087036083,-0.83925239,a,UDHR,Bantoid,Niger-Congo
tsn,udhr_tsn.csv,Tswana ,Benue-Congo,Benue-Congo,S Africa,S Africa,4460850,175000,0.039230192,0.0377,7.06321931,7.06321931,-1.235524376,H,UDHR,Bantoid,Niger-Congo
tsn,udhr_tsn.csv,Tswana ,Benue-Congo,Benue-Congo,S Africa,S Africa,4460850,175000,0.039230192,0.0377,0.236986301,0.236986301,-1.02309593,TTR,UDHR,Bantoid,Niger-Congo
mar,udhr_mar.csv,Marathi Maharashtra,Indo-European,Indo-European,Indic,Indic,70012927,3000000,0.04284923,0.0411,0.692076771,0.307923229,1.040269827,a,UDHR,Indic,Indo-European
mar,udhr_mar.csv,Marathi Maharashtra,Indo-European,Indo-European,Indic,Indic,70012927,3000000,0.04284923,0.0411,8.687520185,8.687520185,1.250896269,H,UDHR,Indic,Indo-European
mar,udhr_mar.csv,Marathi Maharashtra,Indo-European,Indo-European,Indic,Indic,70012927,3000000,0.04284923,0.0411,0.499684144,0.499684144,0.995423194,TTR,UDHR,Indic,Indo-European
nya,zipf_stats_nya-x-bible-chuchewa-v1.txt,chuchewa,Benue-Congo,Benue-Congo,S Africa,S Africa,8979850,400000,0.044544174,0.042644605,1.015392443,-0.015392443,0.984480328,a,PBC,,Niger-Congo
nya,zipf_stats_nya-x-bible-chuchewa-v1.txt,chuchewa,Benue-Congo,Benue-Congo,S Africa,S Africa,8979850,400000,0.044544174,0.042644605,9.389183601,9.389183601,1.191760814,H,PBC,,Niger-Congo
nya,zipf_stats_nya-x-bible-chuchewa-v1.txt,chuchewa,Benue-Congo,Benue-Congo,S Africa,S Africa,8979850,400000,0.044544174,0.042644605,0.203571101,0.203571101,1.423963964,TTR,PBC,,Niger-Congo
nya,udhr_nya_chechewa.csv,Nyanja (Chichewa),Benue-Congo,Benue-Congo,S Africa,S Africa,8979850,400000,0.044544174,0.0426,1.068474153,-0.068474153,-0.750920355,a,UDHR,Bantoid,Niger-Congo
nya,udhr_nya_chechewa.csv,Nyanja (Chichewa),Benue-Congo,Benue-Congo,S Africa,S Africa,8979850,400000,0.044544174,0.0426,7.544581869,7.544581869,-0.498672096,H,UDHR,Bantoid,Niger-Congo
nya,udhr_nya_chechewa.csv,Nyanja (Chichewa),Benue-Congo,Benue-Congo,S Africa,S Africa,8979850,400000,0.044544174,0.0426,0.300946372,0.300946372,-0.531639187,TTR,UDHR,Bantoid,Niger-Congo
est,freqlist_estonian.csv,estonian,Uralic,Uralic,Inner Asia,Inner Asia,1274330,67000,0.052576648,0.049950422,1.084298955,-0.084298955,1.045337018,a,EPC,Finnic,Ura
est,freqlist_estonian.csv,estonian,Uralic,Uralic,Inner Asia,Inner Asia,1274330,67000,0.052576648,0.049950422,12.21565101,12.21565101,1.341256381,H,EPC,Finnic,Ura
est,freqlist_estonian.csv,estonian,Uralic,Uralic,Inner Asia,Inner Asia,1274330,67000,0.052576648,0.049950422,0.035434669,0.035434669,1.497913366,TTR,EPC,Finnic,Ura
est,udhr_est.csv,Estonian,Uralic,Uralic,Inner Asia,Inner Asia,1274330,67000,0.052576648,0.05,0.691065945,0.308934055,1.045080122,a,UDHR,Finnic,Uralic
est,udhr_est.csv,Estonian,Uralic,Uralic,Inner Asia,Inner Asia,1274330,67000,0.052576648,0.05,8.419487433,8.419487433,0.84060149,H,UDHR,Finnic,Uralic
est,udhr_est.csv,Estonian,Uralic,Uralic,Inner Asia,Inner Asia,1274330,67000,0.052576648,0.05,0.5129683,0.5129683,1.097496063,TTR,UDHR,Finnic,Uralic
abk,udhr_abk.csv,Abkhaz,NorthCaucasian,Other,Greater Mesopotamia,Greater Mesopotamia,117350,7041,0.06,0.0566,0.618513045,0.381486955,1.390342997,a,UDHR,Northwest Caucasian,Northwest Caucasian
abk,udhr_abk.csv,Abkhaz,NorthCaucasian,Other,Greater Mesopotamia,Greater Mesopotamia,117350,7041,0.06,0.0566,8.929338808,8.929338808,1.621063412,H,UDHR,Northwest Caucasian,Northwest Caucasian
abk,udhr_abk.csv,Abkhaz,NorthCaucasian,Other,Greater Mesopotamia,Greater Mesopotamia,117350,7041,0.06,0.0566,0.601662887,0.601662887,1.779008023,TTR,UDHR,Northwest Caucasian,Northwest Caucasian
khm,zipf_stats_khm-x-bible-kalam-v1.txt,kalam,Austroasiatic ,Other,Southeast Asia,Southeast Asia,13603400,1000000,0.073511034,0.068477204,1.526452495,-0.526452495,-0.900437171,a,PBC,Khmer,Austro-Asiatic
khm,zipf_stats_khm-x-bible-kalam-v1.txt,kalam,Austroasiatic ,Other,Southeast Asia,Southeast Asia,13603400,1000000,0.073511034,0.068477204,7.368624141,7.368624141,-0.524408688,H,PBC,Khmer,Austro-Asiatic
khm,zipf_stats_khm-x-bible-kalam-v1.txt,kalam,Austroasiatic ,Other,Southeast Asia,Southeast Asia,13603400,1000000,0.073511034,0.068477204,0.043208665,0.043208665,-0.884812619,TTR,PBC,Khmer,Austro-Asiatic
por,freqlist_portuguese.csv,portuguese,Indo-European,Indo-European,Europe,Europe,182670000,17500000,0.095801172,0.087425688,1.193348022,-0.193348022,-0.753050413,a,EPC,Romance,IE
por,freqlist_portuguese.csv,portuguese,Indo-European,Indo-European,Europe,Europe,182670000,17500000,0.095801172,0.087425688,10.06347584,10.06347584,-0.852067458,H,EPC,Romance,IE
por,freqlist_portuguese.csv,portuguese,Indo-European,Indo-European,Europe,Europe,182670000,17500000,0.095801172,0.087425688,0.009250094,0.009250094,-0.778718517,TTR,EPC,Romance,IE
por,zipf_stats_por-x-bible-porbt-v1.txt,porbt,Indo-European,Indo-European,Europe,Europe,182670000,17500000,0.095801172,0.087425688,1.098610256,-0.098610256,0.677552186,a,PBC,Romance,Indo-European
por,zipf_stats_por-x-bible-porbt-v1.txt,porbt,Indo-European,Indo-European,Europe,Europe,182670000,17500000,0.095801172,0.087425688,8.640814627,8.640814627,0.556130913,H,PBC,Romance,Indo-European
por,zipf_stats_por-x-bible-porbt-v1.txt,porbt,Indo-European,Indo-European,Europe,Europe,182670000,17500000,0.095801172,0.087425688,0.11376673,0.11376673,0.131028828,TTR,PBC,Romance,Indo-European
por,udhr_por_PT.csv,Portuguese ,Indo-European,Indo-European,Europe,Europe,182670000,17500000,0.095801172,0.0874,0.930349888,0.069650112,-0.093618157,a,UDHR,Romance,Indo-European
por,udhr_por_PT.csv,Portuguese ,Indo-European,Indo-European,Europe,Europe,182670000,17500000,0.095801172,0.0874,7.868113667,7.868113667,-0.003421397,H,UDHR,Romance,Indo-European
por,udhr_por_PT.csv,Portuguese ,Indo-European,Indo-European,Europe,Europe,182670000,17500000,0.095801172,0.0874,0.341847826,0.341847826,-0.217360371,TTR,UDHR,Romance,Indo-European
gax,udhr_gax.csv,"Oromo,All",Cushitic,Other,S Africa,S Africa,20600000,2000000,0.097087379,0.0885,0.839705238,0.160294762,0.337739276,a,UDHR,Eastern Cushitic,Afro-Asiatic
gax,udhr_gax.csv,"Oromo,All",Cushitic,Other,S Africa,S Africa,20600000,2000000,0.097087379,0.0885,8.140546849,8.140546849,0.413609399,H,UDHR,Eastern Cushitic,Afro-Asiatic
gax,udhr_gax.csv,"Oromo,All",Cushitic,Other,S Africa,S Africa,20600000,2000000,0.097087379,0.0885,0.409153953,0.409153953,0.299806814,TTR,UDHR,Eastern Cushitic,Afro-Asiatic
lua,udhr_lua.csv,Luba-Kasai,Benue-Congo,Benue-Congo,S Africa,S Africa,7050000,700000,0.09929078,0.0903,0.946951256,0.053048745,-0.172620316,a,UDHR,Bantoid,Niger-Congo
lua,udhr_lua.csv,Luba-Kasai,Benue-Congo,Benue-Congo,S Africa,S Africa,7050000,700000,0.09929078,0.0903,7.623092339,7.623092339,-0.378491126,H,UDHR,Bantoid,Niger-Congo
lua,udhr_lua.csv,Luba-Kasai,Benue-Congo,Benue-Congo,S Africa,S Africa,7050000,700000,0.09929078,0.0903,0.307525717,0.307525717,-0.481084778,TTR,UDHR,Bantoid,Niger-Congo
yor,zipf_stats_yor-x-bible-yorub-v1.txt,yorub,Niger-Congo,Other,African Savannah  ,African Savannah  ,19380800,2000000,0.103194915,0.093541869,1.578210411,-0.578210411,-1.09133333,a,PBC,Defoid,Niger-Congo
yor,zipf_stats_yor-x-bible-yorub-v1.txt,yorub,Niger-Congo,Other,African Savannah  ,African Savannah  ,19380800,2000000,0.103194915,0.093541869,6.442346186,6.442346186,-1.311146228,H,PBC,Defoid,Niger-Congo
yor,zipf_stats_yor-x-bible-yorub-v1.txt,yorub,Niger-Congo,Other,African Savannah  ,African Savannah  ,19380800,2000000,0.103194915,0.093541869,0.035753411,0.035753411,-0.99214771,TTR,PBC,Defoid,Niger-Congo
yor,udhr_yor.csv,Yoruba,Niger-Congo,Other,African Savannah  ,African Savannah  ,19380800,2000000,0.103194915,0.0935,1.387555306,-0.387555306,-2.269355546,a,UDHR,Defoid,Niger-Congo
yor,udhr_yor.csv,Yoruba,Niger-Congo,Other,African Savannah  ,African Savannah  ,19380800,2000000,0.103194915,0.0935,7.605160485,7.605160485,-0.405940556,H,UDHR,Defoid,Niger-Congo
yor,udhr_yor.csv,Yoruba,Niger-Congo,Other,African Savannah  ,African Savannah  ,19380800,2000000,0.103194915,0.0935,0.21361598,0.21361598,-1.202668931,TTR,UDHR,Defoid,Niger-Congo
aka,udhr_aka_asante.csv,"Akan (Twi Asante, Twi Fante)",Kwa,Other,African Savannah  ,African Savannah  ,8300000,1000000,0.120481928,0.108,1.066061619,-0.066061619,-0.739439653,a,UDHR,Kwa,Niger-Congo
aka,udhr_aka_asante.csv,"Akan (Twi Asante, Twi Fante)",Kwa,Other,African Savannah  ,African Savannah  ,8300000,1000000,0.120481928,0.108,7.448510861,7.448510861,-0.645734097,H,UDHR,Kwa,Niger-Congo
aka,udhr_aka_asante.csv,"Akan (Twi Asante, Twi Fante)",Kwa,Other,African Savannah  ,African Savannah  ,8300000,1000000,0.120481928,0.108,0.273689783,0.273689783,-0.741073517,TTR,UDHR,Kwa,Niger-Congo
tam,udhr_tam.csv,Tamil,Dravidian,Other,Indic,Indic,66837600,8500000,0.127173926,0.113,0.492159634,0.507840366,1.99163036,a,UDHR,Southern Dravidian,Dravidian
tam,udhr_tam.csv,Tamil,Dravidian,Other,Indic,Indic,66837600,8500000,0.127173926,0.113,9.393472494,9.393472494,2.331542362,H,UDHR,Southern Dravidian,Dravidian
tam,udhr_tam.csv,Tamil,Dravidian,Other,Indic,Indic,66837600,8500000,0.127173926,0.113,0.69609375,0.69609375,2.504596403,TTR,UDHR,Southern Dravidian,Dravidian
cko,zipf_stats_cko-x-bible-anufo-v1.txt,anufo,Kwa,Other,African Savannah  ,African Savannah  ,137600,18000,0.130813953,0.115681234,1.60161556,-0.60161556,-1.177657385,a,PBC,Kwa,Niger-Congo
cko,zipf_stats_cko-x-bible-anufo-v1.txt,anufo,Kwa,Other,African Savannah  ,African Savannah  ,137600,18000,0.130813953,0.115681234,6.457306525,6.457306525,-1.298439609,H,PBC,Kwa,Niger-Congo
cko,zipf_stats_cko-x-bible-anufo-v1.txt,anufo,Kwa,Other,African Savannah  ,African Savannah  ,137600,18000,0.130813953,0.115681234,0.02656913,0.02656913,-1.124376009,TTR,PBC,Kwa,Niger-Congo
knc,udhr_knc.csv,Kanuri ,Saharan,Other,African Savannah  ,African Savannah  ,3820250,500000,0.130881487,0.116,0.721232327,0.278767674,0.901525121,a,UDHR,Western Saharan,Nilo-Saharan
knc,udhr_knc.csv,Kanuri ,Saharan,Other,African Savannah  ,African Savannah  ,3820250,500000,0.130881487,0.116,8.643307452,8.643307452,1.183217027,H,UDHR,Western Saharan,Nilo-Saharan
knc,udhr_knc.csv,Kanuri ,Saharan,Other,African Savannah  ,African Savannah  ,3820250,500000,0.130881487,0.116,0.535211268,0.535211268,1.268406702,TTR,UDHR,Western Saharan,Nilo-Saharan
ltz,udhr_ltz.csv,Luxembourgish ,Indo-European,Indo-European,Europe,Europe,355415,50000,0.140680613,0.123,0.913422691,0.086577309,-0.013065446,a,UDHR,Germanic,Indo-European
ltz,udhr_ltz.csv,Luxembourgish ,Indo-European,Indo-European,Europe,Europe,355415,50000,0.140680613,0.123,8.136686908,8.136686908,0.407700742,H,UDHR,Germanic,Indo-European
ltz,udhr_ltz.csv,Luxembourgish ,Indo-European,Indo-European,Europe,Europe,355415,50000,0.140680613,0.123,0.362683438,0.362683438,-0.057263581,TTR,UDHR,Germanic,Indo-European
bug,udhr_bug.csv,Buginese ,Austronesian,Austronesian,Oceania,Oceania,3500000,500000,0.142857143,0.125,0.939146186,0.060853814,-0.13547775,a,UDHR,Sulawesi,Austronesian
bug,udhr_bug.csv,Buginese ,Austronesian,Austronesian,Oceania,Oceania,3500000,500000,0.142857143,0.125,7.835411831,7.835411831,-0.053480177,H,UDHR,Sulawesi,Austronesian
bug,udhr_bug.csv,Buginese ,Austronesian,Austronesian,Oceania,Oceania,3500000,500000,0.142857143,0.125,0.361391695,0.361391695,-0.067189087,TTR,UDHR,Sulawesi,Austronesian
sna,udhr_sna.csv,Shona ,Benue-Congo,Benue-Congo,S Africa,S Africa,12379600,1800000,0.145400498,0.127,0.704409711,0.29559029,0.981580153,a,UDHR,Bantoid,Niger-Congo
sna,udhr_sna.csv,Shona ,Benue-Congo,Benue-Congo,S Africa,S Africa,12379600,1800000,0.145400498,0.127,8.739150129,8.739150129,1.329929507,H,UDHR,Bantoid,Niger-Congo
sna,udhr_sna.csv,Shona ,Benue-Congo,Benue-Congo,S Africa,S Africa,12379600,1800000,0.145400498,0.127,0.536382536,0.536382536,1.277406503,TTR,UDHR,Bantoid,Niger-Congo
ewe,udhr_ewe.csv,Ewe ,Kwa,Other,African Savannah  ,African Savannah  ,3112000,500000,0.16066838,0.138,1.06819657,-0.06819657,-0.749599401,a,UDHR,Kwa,Niger-Congo
ewe,udhr_ewe.csv,Ewe ,Kwa,Other,African Savannah  ,African Savannah  ,3112000,500000,0.16066838,0.138,7.897743097,7.897743097,0.041934255,H,UDHR,Kwa,Niger-Congo
ewe,udhr_ewe.csv,Ewe ,Kwa,Other,African Savannah  ,African Savannah  ,3112000,500000,0.16066838,0.138,0.287124271,0.287124271,-0.637845524,TTR,UDHR,Kwa,Niger-Congo
ron,freqlist_romanian.csv,romanian,Indo-European,Indo-European,Europe,Europe,24808318,4000000,0.161236247,0.138848787,1.156684782,-0.156684782,-0.148416999,a,EPC,Romance,IE
ron,freqlist_romanian.csv,romanian,Indo-European,Indo-European,Europe,Europe,24808318,4000000,0.161236247,0.138848787,10.584594,10.584594,-0.32098574,H,EPC,Romance,IE
ron,freqlist_romanian.csv,romanian,Indo-European,Indo-European,Europe,Europe,24808318,4000000,0.161236247,0.138848787,0.010378367,0.010378367,-0.680620177,TTR,EPC,Romance,IE
ron,zipf_stats_ron-x-bible-corni-v1.txt,corni,Indo-European,Indo-European,Europe,Europe,24808318,4000000,0.161236247,0.138848787,1.332825463,-0.332825463,-0.186292172,a,PBC,Romance,Indo-European
ron,zipf_stats_ron-x-bible-corni-v1.txt,corni,Indo-European,Indo-European,Europe,Europe,24808318,4000000,0.161236247,0.138848787,8.184997321,8.184997321,0.168980831,H,PBC,Romance,Indo-European
ron,zipf_stats_ron-x-bible-corni-v1.txt,corni,Indo-European,Indo-European,Europe,Europe,24808318,4000000,0.161236247,0.138848787,0.089106667,0.089106667,-0.224008035,TTR,PBC,Romance,Indo-European
ron,udhr_ron_2006.csv,Romanian ,Indo-European,Indo-European,Europe,Europe,24808318,4000000,0.161236247,0.139,0.855726215,0.144273785,0.261499063,a,UDHR,Romance,Indo-European
ron,udhr_ron_2006.csv,Romanian ,Indo-European,Indo-European,Europe,Europe,24808318,4000000,0.161236247,0.139,8.171227857,8.171227857,0.460574769,H,UDHR,Romance,Indo-European
ron,udhr_ron_2006.csv,Romanian ,Indo-European,Indo-European,Europe,Europe,24808318,4000000,0.161236247,0.139,0.389681669,0.389681669,0.15018557,TTR,UDHR,Romance,Indo-European
tur,zipf_stats_tur-x-bible-turknull-v1.txt,turknull,Turkic,Turkic,Greater Mesopotamia,Greater Mesopotamia,62375060,10593467,0.169834974,0.145178578,1.043086528,-0.043086528,0.882337604,a,PBC,Turkic,Altaic
tur,zipf_stats_tur-x-bible-turknull-v1.txt,turknull,Turkic,Turkic,Greater Mesopotamia,Greater Mesopotamia,62375060,10593467,0.169834974,0.145178578,9.069790267,9.069790267,0.920482927,H,PBC,Turkic,Altaic
tur,zipf_stats_tur-x-bible-turknull-v1.txt,turknull,Turkic,Turkic,Greater Mesopotamia,Greater Mesopotamia,62375060,10593467,0.169834974,0.145178578,0.207937337,0.207937337,1.486825716,TTR,PBC,Turkic,Altaic
tur,udhr_tur.csv,Turkish,Turkic,Turkic,Greater Mesopotamia,Greater Mesopotamia,62375060,10593467,0.169834974,0.145,0.638972194,0.361027806,1.292982523,a,UDHR,Turkic,Altaic
tur,udhr_tur.csv,Turkish,Turkic,Turkic,Greater Mesopotamia,Greater Mesopotamia,62375060,10593467,0.169834974,0.145,8.647101128,8.647101128,1.189024247,H,UDHR,Turkic,Altaic
tur,udhr_tur.csv,Turkish,Turkic,Turkic,Greater Mesopotamia,Greater Mesopotamia,62375060,10593467,0.169834974,0.145,0.536316948,0.536316948,1.276902534,TTR,UDHR,Turkic,Altaic
tem,zipf_stats_tem-x-bible-themn-v1.txt,themn,Atlantic,Atlantic,African Savannah  ,African Savannah  ,1230000,220000,0.178861789,0.151724138,1.549761351,-0.549761351,-0.98640607,a,PBC,Southern Atlantic,Niger-Congo
tem,zipf_stats_tem-x-bible-themn-v1.txt,themn,Atlantic,Atlantic,African Savannah  ,African Savannah  ,1230000,220000,0.178861789,0.151724138,5.933621742,5.933621742,-1.743233178,H,PBC,Southern Atlantic,Niger-Congo
tem,zipf_stats_tem-x-bible-themn-v1.txt,themn,Atlantic,Atlantic,African Savannah  ,African Savannah  ,1230000,220000,0.178861789,0.151724138,0.051596104,0.051596104,-0.764056648,TTR,PBC,Southern Atlantic,Niger-Congo
tem,udhr_tem.csv,Temne ,Atlantic,Atlantic,African Savannah  ,African Savannah  ,1230000,220000,0.178861789,0.152,1.07216774,-0.07216774,-0.768497301,a,UDHR,Southern Atlantic,Niger-Congo
tem,udhr_tem.csv,Temne ,Atlantic,Atlantic,African Savannah  ,African Savannah  ,1230000,220000,0.178861789,0.152,7.698000521,7.698000521,-0.263824409,H,UDHR,Southern Atlantic,Niger-Congo
tem,udhr_tem.csv,Temne ,Atlantic,Atlantic,African Savannah  ,African Savannah  ,1230000,220000,0.178861789,0.152,0.294230769,0.294230769,-0.583240574,TTR,UDHR,Southern Atlantic,Niger-Congo
ktu,udhr_ktu.csv,Kituba Kibulamatadi,Kituba,Other,S Africa,S Africa,4200000,800000,0.19047619,0.16,1.016181751,-0.016181751,-0.502072617,a,UDHR,Creoles and Pidgins,other
ktu,udhr_ktu.csv,Kituba Kibulamatadi,Kituba,Other,S Africa,S Africa,4200000,800000,0.19047619,0.16,6.685701612,6.685701612,-1.813414724,H,UDHR,Creoles and Pidgins,other
ktu,udhr_ktu.csv,Kituba Kibulamatadi,Kituba,Other,S Africa,S Africa,4200000,800000,0.19047619,0.16,0.216377171,0.216377171,-1.181452478,TTR,UDHR,Creoles and Pidgins,other
wmw,zipf_stats_wmw-x-bible-mwani-v1.txt,mwani,Benue-Congo,Benue-Congo,S Africa,S Africa,100000,20000,0.2,0.166666667,0.999302599,0.000697401,1.043823703,a,PBC,Bantoid,Niger-Congo
wmw,zipf_stats_wmw-x-bible-mwani-v1.txt,mwani,Benue-Congo,Benue-Congo,S Africa,S Africa,100000,20000,0.2,0.166666667,9.875729007,9.875729007,1.605009918,H,PBC,Bantoid,Niger-Congo
wmw,zipf_stats_wmw-x-bible-mwani-v1.txt,mwani,Benue-Congo,Benue-Congo,S Africa,S Africa,100000,20000,0.2,0.166666667,0.213173296,0.213173296,1.562209085,TTR,PBC,Bantoid,Niger-Congo
lit,freqlist_lithuanian.csv,lithuanian,Indo-European,Indo-European,Inner Asia,Inner Asia,3327090,720000,0.216405327,0.177905606,1.159403456,-0.159403456,-0.193252129,a,EPC,Baltic,IE
lit,freqlist_lithuanian.csv,lithuanian,Indo-European,Indo-European,Inner Asia,Inner Asia,3327090,720000,0.216405327,0.177905606,12.05700183,12.05700183,1.179573899,H,EPC,Baltic,IE
lit,freqlist_lithuanian.csv,lithuanian,Indo-European,Indo-European,Inner Asia,Inner Asia,3327090,720000,0.216405327,0.177905606,0.027495839,0.027495839,0.80766753,TTR,EPC,Baltic,IE
lit,zipf_stats_lit-x-bible-lithuanian-v1.txt,lithuanian,Indo-European,Indo-European,Inner Asia,Inner Asia,3327090,720000,0.216405327,0.177905606,0.985251189,0.014748811,1.095648823,a,PBC,Baltic,Indo-European
lit,zipf_stats_lit-x-bible-lithuanian-v1.txt,lithuanian,Indo-European,Indo-European,Inner Asia,Inner Asia,3327090,720000,0.216405327,0.177905606,8.711970605,8.711970605,0.6165675,H,PBC,Baltic,Indo-European
lit,zipf_stats_lit-x-bible-lithuanian-v1.txt,lithuanian,Indo-European,Indo-European,Inner Asia,Inner Asia,3327090,720000,0.216405327,0.177905606,0.18846779,0.18846779,1.206517967,TTR,PBC,Baltic,Indo-European
lit,udhr_lit.csv,Lithuanian,Indo-European,Indo-European,Inner Asia,Inner Asia,3327090,720000,0.216405327,0.178,0.710790159,0.289209841,0.951217037,a,UDHR,Baltic,Indo-European
lit,udhr_lit.csv,Lithuanian,Indo-European,Indo-European,Inner Asia,Inner Asia,3327090,720000,0.216405327,0.178,8.50323978,8.50323978,0.968806532,H,UDHR,Baltic,Indo-European
lit,udhr_lit.csv,Lithuanian,Indo-European,Indo-European,Inner Asia,Inner Asia,3327090,720000,0.216405327,0.178,0.516655337,0.516655337,1.125826536,TTR,UDHR,Baltic,Indo-European
kan,udhr_kan.csv,Kannada ,Dravidian,Other,Indic,Indic,36863800,9000000,0.24414195,0.196,0.555808754,0.444191246,1.688738565,a,UDHR,Southern Dravidian,Dravidian
kan,udhr_kan.csv,Kannada ,Dravidian,Other,Indic,Indic,36863800,9000000,0.24414195,0.196,9.138524727,9.138524727,1.941277602,H,UDHR,Southern Dravidian,Dravidian
kan,udhr_kan.csv,Kannada ,Dravidian,Other,Indic,Indic,36863800,9000000,0.24414195,0.196,0.676809211,0.676809211,2.356417752,TTR,UDHR,Southern Dravidian,Dravidian
vie,zipf_stats_vie-x-bible-tieng-v1.txt,tieng,Austroasiatic ,Other,Southeast Asia,Southeast Asia,64317000,16000000,0.248767822,0.199210628,2.211376451,-1.211376451,-3.426608303,a,PBC,Viet-Muong,Austro-Asiatic
vie,zipf_stats_vie-x-bible-tieng-v1.txt,tieng,Austroasiatic ,Other,Southeast Asia,Southeast Asia,64317000,16000000,0.248767822,0.199210628,4.99722257,4.99722257,-2.538567209,H,PBC,Viet-Muong,Austro-Asiatic
vie,zipf_stats_vie-x-bible-tieng-v1.txt,tieng,Austroasiatic ,Other,Southeast Asia,Southeast Asia,64317000,16000000,0.248767822,0.199210628,0.032492852,0.032492852,-1.039090769,TTR,PBC,Viet-Muong,Austro-Asiatic
vie,udhr_vie.csv,Vietnamese ,Austroasiatic,Other,Southeast Asia,Southeast Asia,64317000,16000000,0.248767822,0.199,1.135904144,-0.135904144,-1.071804465,a,UDHR,Viet-Muong,Austro-Asiatic
vie,udhr_vie.csv,Vietnamese ,Austroasiatic,Other,Southeast Asia,Southeast Asia,64317000,16000000,0.248767822,0.199,8.040429574,8.040429574,0.260353519,H,UDHR,Viet-Muong,Austro-Asiatic
vie,udhr_vie.csv,Vietnamese ,Austroasiatic,Other,Southeast Asia,Southeast Asia,64317000,16000000,0.248767822,0.199,0.222311076,0.222311076,-1.135857511,TTR,UDHR,Viet-Muong,Austro-Asiatic
mak,zipf_stats_mak-x-bible-makas-v1.txt,makas,Austronesian,Austronesian,Oceania,Oceania,1600000,400000,0.25,0.2,1.06030803,-0.06030803,0.818820392,a,PBC,Sulawesi,Austronesian
mak,zipf_stats_mak-x-bible-makas-v1.txt,makas,Austronesian,Austronesian,Oceania,Oceania,1600000,400000,0.25,0.2,8.498364027,8.498364027,0.435139979,H,PBC,Sulawesi,Austronesian
mak,zipf_stats_mak-x-bible-makas-v1.txt,makas,Austronesian,Austronesian,Oceania,Oceania,1600000,400000,0.25,0.2,0.132338069,0.132338069,0.398404859,TTR,PBC,Sulawesi,Austronesian
bul,freqlist_bulgarian.csv,bulgarian,Indo-European,Indo-European,Europe,Europe,7897189,2067262,0.261771815,0.207463713,1.12577705,-0.12577705,0.36129921,a,EPC,Slavic,IE
bul,freqlist_bulgarian.csv,bulgarian,Indo-European,Indo-European,Europe,Europe,7897189,2067262,0.261771815,0.207463713,10.47454274,10.47454274,-0.433141136,H,EPC,Slavic,IE
bul,freqlist_bulgarian.csv,bulgarian,Indo-European,Indo-European,Europe,Europe,7897189,2067262,0.261771815,0.207463713,0.012503691,0.012503691,-0.495832733,TTR,EPC,Slavic,IE
bul,udhr_bul.csv,Bulgarian,Indo-European,Indo-European,Europe,Europe,7897189,2067262,0.261771815,0.207,0.855166752,0.144833248,0.264161418,a,UDHR,Slavic,Indo-European
bul,udhr_bul.csv,Bulgarian,Indo-European,Indo-European,Europe,Europe,7897189,2067262,0.261771815,0.207,7.87950925,7.87950925,0.014022546,H,UDHR,Slavic,Indo-European
bul,udhr_bul.csv,Bulgarian,Indo-European,Indo-European,Europe,Europe,7897189,2067262,0.261771815,0.207,0.377689694,0.377689694,0.058041572,TTR,UDHR,Slavic,Indo-European
rmn,udhr_rmn.csv,"Romani, Balkan Gypsi",Indo-European,Indo-European,Europe,Europe,709570,200000,0.281860845,0.22,0.872407191,0.127592809,0.182118063,a,UDHR,Indic,Indo-European
rmn,udhr_rmn.csv,"Romani, Balkan Gypsi",Indo-European,Indo-European,Europe,Europe,709570,200000,0.281860845,0.22,7.962136002,7.962136002,0.140504569,H,UDHR,Indic,Indo-European
rmn,udhr_rmn.csv,"Romani, Balkan Gypsi",Indo-European,Indo-European,Europe,Europe,709570,200000,0.281860845,0.22,0.384259259,0.384259259,0.108520832,TTR,UDHR,Indic,Indo-European
zlm,zipf_stats_zlm-x-bible-dahl-v1.txt,dahl,Austronesian,Austronesian,Southeast Asia,Southeast Asia,10296000,3000000,0.291375291,0.225631769,1.235937483,-0.235937483,0.171054972,a,PBC,Malayic,Austronesian
zlm,zipf_stats_zlm-x-bible-dahl-v1.txt,dahl,Austronesian,Austronesian,Southeast Asia,Southeast Asia,10296000,3000000,0.291375291,0.225631769,8.554472952,8.554472952,0.482796298,H,PBC,Malayic,Austronesian
zlm,zipf_stats_zlm-x-bible-dahl-v1.txt,dahl,Austronesian,Austronesian,Southeast Asia,Southeast Asia,10296000,3000000,0.291375291,0.225631769,0.087684691,0.087684691,-0.244480572,TTR,PBC,Malayic,Austronesian
spa,freqlist_spanish.csv,spanish,Indo-European,Indo-European,Europe,Europe,343259405,105000000,0.305891109,0.234239369,1.190639237,-0.190639237,-0.708378381,a,EPC,Romance,IE
spa,freqlist_spanish.csv,spanish,Indo-European,Indo-European,Europe,Europe,343259405,105000000,0.305891109,0.234239369,9.624604014,9.624604014,-1.299330329,H,EPC,Romance,IE
spa,freqlist_spanish.csv,spanish,Indo-European,Indo-European,Europe,Europe,343259405,105000000,0.305891109,0.234239369,0.008066007,0.008066007,-0.8816696,TTR,EPC,Romance,IE
spa,zipf_stats_spa-x-bible-esbam-v1.txt,esbam,Indo-European,Indo-European,Europe,Europe,343259405,105000000,0.305891109,0.234239369,1.192868908,-0.192868908,0.329902665,a,PBC,Romance,Indo-European
spa,zipf_stats_spa-x-bible-esbam-v1.txt,esbam,Indo-European,Indo-European,Europe,Europe,343259405,105000000,0.305891109,0.234239369,8.272547842,8.272547842,0.243342183,H,PBC,Romance,Indo-European
spa,zipf_stats_spa-x-bible-esbam-v1.txt,esbam,Indo-European,Indo-European,Europe,Europe,343259405,105000000,0.305891109,0.234239369,0.116530091,0.116530091,0.170813593,TTR,PBC,Romance,Indo-European
spa,udhr_spa.csv,Spanish ,Indo-European,Indo-European,Europe,Europe,343259405,105000000,0.305891109,0.234,0.978327453,0.021672547,-0.321932557,a,UDHR,Romance,Indo-European
spa,udhr_spa.csv,Spanish ,Indo-European,Indo-European,Europe,Europe,343259405,105000000,0.305891109,0.234,7.551002169,7.551002169,-0.488844134,H,UDHR,Romance,Indo-European
spa,udhr_spa.csv,Spanish ,Indo-European,Indo-European,Europe,Europe,343259405,105000000,0.305891109,0.234,0.31152648,0.31152648,-0.450343698,TTR,UDHR,Romance,Indo-European
ilo,zipf_stats_ilo-x-bible-ilokano-v1.txt,ilokano,Austronesian,Austronesian,Oceania,Oceania,7348300,2300000,0.312997564,0.238383964,1.092979408,-0.092979408,0.698320163,a,PBC,Northern Philippines,Austronesian
ilo,zipf_stats_ilo-x-bible-ilokano-v1.txt,ilokano,Austronesian,Austronesian,Oceania,Oceania,7348300,2300000,0.312997564,0.238383964,8.412599867,8.412599867,0.362295879,H,PBC,Northern Philippines,Austronesian
ilo,zipf_stats_ilo-x-bible-ilokano-v1.txt,ilokano,Austronesian,Austronesian,Oceania,Oceania,7348300,2300000,0.312997564,0.238383964,0.146943248,0.146943248,0.608679136,TTR,PBC,Northern Philippines,Austronesian
ilo,udhr_ilo.csv,Ilokano ,Austronesian,Austronesian,Oceania,Oceania,7348300,2300000,0.312997564,0.238,1.065492506,-0.065492506,-0.736731372,a,UDHR,Northern Philippines,Austronesian
ilo,udhr_ilo.csv,Ilokano ,Austronesian,Austronesian,Oceania,Oceania,7348300,2300000,0.312997564,0.238,6.902467038,6.902467038,-1.481598102,H,UDHR,Northern Philippines,Austronesian
ilo,udhr_ilo.csv,Ilokano ,Austronesian,Austronesian,Oceania,Oceania,7348300,2300000,0.312997564,0.238,0.275770457,0.275770457,-0.725086023,TTR,UDHR,Northern Philippines,Austronesian
lav,freqlist_latvian.csv,latvian,Indo-European,Indo-European,Inner Asia,Inner Asia,1504880,500000,0.332252406,0.249391485,1.101906642,-0.101906642,0.754959081,a,EPC,Baltic,IE
lav,freqlist_latvian.csv,latvian,Indo-European,Indo-European,Inner Asia,Inner Asia,1504880,500000,0.332252406,0.249391485,11.64479455,11.64479455,0.75948539,H,EPC,Baltic,IE
lav,freqlist_latvian.csv,latvian,Indo-European,Indo-European,Inner Asia,Inner Asia,1504880,500000,0.332252406,0.249391485,0.019567919,0.019567919,0.11837034,TTR,EPC,Baltic,IE
lav,udhr_lav.csv,Latvian,Indo-European,Indo-European,Inner Asia,Inner Asia,1504880,500000,0.332252406,0.249,0.706973912,0.293026089,0.969377699,a,UDHR,Baltic,Indo-European
lav,udhr_lav.csv,Latvian,Indo-European,Indo-European,Inner Asia,Inner Asia,1504880,500000,0.332252406,0.249,8.341525377,8.341525377,0.721260012,H,UDHR,Baltic,Indo-European
lav,udhr_lav.csv,Latvian,Indo-European,Indo-European,Inner Asia,Inner Asia,1504880,500000,0.332252406,0.249,0.507526882,0.507526882,1.055685265,TTR,UDHR,Baltic,Indo-European
gle,udhr_gle.csv,Irish Gaelic,Indo-European,Indo-European,Europe,Europe,1656790,581574,0.351024572,0.26,0.954310448,0.045689552,-0.207641054,a,UDHR,Celtic,Indo-European
gle,udhr_gle.csv,Irish Gaelic,Indo-European,Indo-European,Europe,Europe,1656790,581574,0.351024572,0.26,7.886915905,7.886915905,0.025360384,H,UDHR,Celtic,Indo-European
gle,udhr_gle.csv,Irish Gaelic,Indo-European,Indo-European,Europe,Europe,1656790,581574,0.351024572,0.26,0.34607438,0.34607438,-0.184884352,TTR,UDHR,Celtic,Indo-European
hrv,zipf_stats_hrv-x-bible-croat-v1.txt,croat,Indo-European,Indo-European,Europe,Europe,5546590,1953410,0.352182152,0.260454667,1.013611392,-0.013611392,0.991049292,a,PBC,Slavic,Indo-European
hrv,zipf_stats_hrv-x-bible-croat-v1.txt,croat,Indo-European,Indo-European,Europe,Europe,5546590,1953410,0.352182152,0.260454667,9.138559626,9.138559626,0.978892432,H,PBC,Slavic,Indo-European
hrv,zipf_stats_hrv-x-bible-croat-v1.txt,croat,Indo-European,Indo-European,Europe,Europe,5546590,1953410,0.352182152,0.260454667,0.175738291,0.175738291,1.023248297,TTR,PBC,Slavic,Indo-European
hrv,udhr_hrv.csv,Croatian ,Indo-European,Indo-European,Europe,Europe,5546590,1953410,0.352182152,0.26,0.752142815,0.247857185,0.754429083,a,UDHR,NA,NA
hrv,udhr_hrv.csv,Croatian ,Indo-European,Indo-European,Europe,Europe,5546590,1953410,0.352182152,0.26,8.312430153,8.312430153,0.676722103,H,UDHR,NA,NA
hrv,udhr_hrv.csv,Croatian ,Indo-European,Indo-European,Europe,Europe,5546590,1953410,0.352182152,0.26,0.472703063,0.472703063,0.788105813,TTR,UDHR,NA,NA
cha,zipf_stats_cha-x-bible-chamorro-v1.txt,chamorro,Austronesian,Austronesian,Oceania,Oceania,76350,30000,0.392927308,0.282087447,1.383606656,-0.383606656,-0.373585931,a,PBC,Chamorro,Austronesian
cha,zipf_stats_cha-x-bible-chamorro-v1.txt,chamorro,Austronesian,Austronesian,Oceania,Oceania,76350,30000,0.392927308,0.282087447,6.997188048,6.997188048,-0.83988928,H,PBC,Chamorro,Austronesian
cha,zipf_stats_cha-x-bible-chamorro-v1.txt,chamorro,Austronesian,Austronesian,Oceania,Oceania,76350,30000,0.392927308,0.282087447,0.074829259,0.074829259,-0.429563326,TTR,PBC,Chamorro,Austronesian
cha,udhr_cha.csv,Chamorro,Austronesian,Austronesian,Oceania,Oceania,76350,30000,0.392927308,0.282,1.011881266,-0.011881266,-0.481607582,a,UDHR,Chamorro,Austronesian
cha,udhr_cha.csv,Chamorro,Austronesian,Austronesian,Oceania,Oceania,76350,30000,0.392927308,0.282,7.25141545,7.25141545,-0.947440576,H,UDHR,Chamorro,Austronesian
cha,udhr_cha.csv,Chamorro,Austronesian,Austronesian,Oceania,Oceania,76350,30000,0.392927308,0.282,0.29299691,0.29299691,-0.592721305,TTR,UDHR,Chamorro,Austronesian
fri,udhr_fri.csv,"Frisian,Western",Indo-European,Indo-European,Europe,Europe,410500,174000,0.423873325,0.298,1.018551228,-0.018551228,-0.513348424,a,UDHR,NA,NA
fri,udhr_fri.csv,"Frisian,Western",Indo-European,Indo-European,Europe,Europe,410500,174000,0.423873325,0.298,7.693813749,7.693813749,-0.270233366,H,UDHR,NA,NA
fri,udhr_fri.csv,"Frisian,Western",Indo-European,Indo-European,Europe,Europe,410500,174000,0.423873325,0.298,0.306573006,0.306573006,-0.488405231,TTR,UDHR,NA,NA
ben,udhr_ben.csv,Bengali ,Indo-European,Indo-European,Indic,Indic,175636450,87750000,0.499611556,0.333,0.717988574,0.282011426,0.916961407,a,UDHR,Indic,Indo-European
ben,udhr_ben.csv,Bengali ,Indo-European,Indo-European,Indic,Indic,175636450,87750000,0.499611556,0.333,8.510244369,8.510244369,0.979528903,H,UDHR,Indic,Indo-European
ben,udhr_ben.csv,Bengali ,Indo-European,Indo-European,Indic,Indic,175636450,87750000,0.499611556,0.333,0.477707006,0.477707006,0.826555144,TTR,UDHR,Indic,Indo-European
deu,freqlist_german.csv,german,Indo-European,Indo-European,Europe,Europe,97100000,50250000,0.517507724,0.341024771,1.211625869,-0.211625869,-1.054480324,a,EPC,Germanic,IE
deu,freqlist_german.csv,german,Indo-European,Indo-European,Europe,Europe,97100000,50250000,0.517507724,0.341024771,10.45231994,10.45231994,-0.45578883,H,EPC,Germanic,IE
deu,freqlist_german.csv,german,Indo-European,Indo-European,Europe,Europe,97100000,50250000,0.517507724,0.341024771,0.017634399,0.017634399,-0.049740638,TTR,EPC,Germanic,IE
deu,zipf_stats_deu-x-bible-deuab-v1.txt,deuab,Indo-European,Indo-European,Europe,Europe,97100000,50250000,0.517507724,0.341024771,1.211810269,-0.211810269,0.26004218,a,PBC,Germanic,Indo-European
deu,zipf_stats_deu-x-bible-deuab-v1.txt,deuab,Indo-European,Indo-European,Europe,Europe,97100000,50250000,0.517507724,0.341024771,8.389514171,8.389514171,0.342687959,H,PBC,Germanic,Indo-European
deu,zipf_stats_deu-x-bible-deuab-v1.txt,deuab,Indo-European,Indo-European,Europe,Europe,97100000,50250000,0.517507724,0.341024771,0.094879463,0.094879463,-0.140895714,TTR,PBC,Germanic,Indo-European
deu,udhr_deu_1996.csv,German ,Indo-European,Indo-European,Europe,Europe,97100000,50250000,0.517507724,0.341,0.858702766,0.141297234,0.247334328,a,UDHR,Germanic,Indo-European
deu,udhr_deu_1996.csv,German ,Indo-European,Indo-European,Europe,Europe,97100000,50250000,0.517507724,0.341,8.033234613,8.033234613,0.249339735,H,UDHR,Germanic,Indo-European
deu,udhr_deu_1996.csv,German ,Indo-European,Indo-European,Europe,Europe,97100000,50250000,0.517507724,0.341,0.390615478,0.390615478,0.157360783,TTR,UDHR,Germanic,Indo-European
cat,udhr_cat.csv,Catalan ,Indo-European,Indo-European,Europe,Europe,9115080,5000000,0.548541538,0.354,0.975684728,0.024315272,-0.309356425,a,UDHR,Romance,Indo-European
cat,udhr_cat.csv,Catalan ,Indo-European,Indo-European,Europe,Europe,9115080,5000000,0.548541538,0.354,7.662274737,7.662274737,-0.318512138,H,UDHR,Romance,Indo-European
cat,udhr_cat.csv,Catalan ,Indo-European,Indo-European,Europe,Europe,9115080,5000000,0.548541538,0.354,0.328056769,0.328056769,-0.323328175,TTR,UDHR,Romance,Indo-European
lug,udhr_lug.csv,Luganda ,Benue-Congo,Benue-Congo,S Africa,S Africa,4376667,2500000,0.571210967,0.364,0.707792385,0.292207615,0.965482767,a,UDHR,Bantoid,Niger-Congo
lug,udhr_lug.csv,Luganda ,Benue-Congo,Benue-Congo,S Africa,S Africa,4376667,2500000,0.571210967,0.364,8.416936632,8.416936632,0.836696816,H,UDHR,Bantoid,Niger-Congo
lug,udhr_lug.csv,Luganda ,Benue-Congo,Benue-Congo,S Africa,S Africa,4376667,2500000,0.571210967,0.364,0.525462963,0.525462963,1.193502625,TTR,UDHR,Bantoid,Niger-Congo
hau,udhr_hau_NE.csv,Hausa ,Chadic,Other,African,Other,24594000,15000000,0.609904855,0.379,0.9337077,0.0662923,-0.109597224,a,UDHR,West Chadic,Afro-Asiatic
hau,udhr_hau_NE.csv,Hausa ,Chadic,Other,African,Other,24594000,15000000,0.609904855,0.379,7.560691772,7.560691772,-0.474011642,H,UDHR,West Chadic,Afro-Asiatic
hau,udhr_hau_NE.csv,Hausa ,Chadic,Other,African,Other,24594000,15000000,0.609904855,0.379,0.22309417,0.22309417,-1.129840363,TTR,UDHR,West Chadic,Afro-Asiatic
hil,zipf_stats_hil-x-bible-hilig-v1.txt,hilig,Austronesian,Austronesian,Oceania,Oceania,6335000,4100000,0.647198106,0.392908481,1.27689075,-0.27689075,0.020009064,a,PBC,Meso-Philippine,Austronesian
hil,zipf_stats_hil-x-bible-hilig-v1.txt,hilig,Austronesian,Austronesian,Oceania,Oceania,6335000,4100000,0.647198106,0.392908481,7.695234962,7.695234962,-0.247000604,H,PBC,Meso-Philippine,Austronesian
hil,zipf_stats_hil-x-bible-hilig-v1.txt,hilig,Austronesian,Austronesian,Oceania,Oceania,6335000,4100000,0.647198106,0.392908481,0.081916153,0.081916153,-0.327531606,TTR,PBC,Meso-Philippine,Austronesian
hil,udhr_hil.csv,Hiligaynon ,Austronesian,Austronesian,Oceania,Oceania,6335000,4100000,0.647198106,0.393,1.089029945,-0.089029945,-0.848740732,a,UDHR,Meso-Philippine,Austronesian
hil,udhr_hil.csv,Hiligaynon ,Austronesian,Austronesian,Oceania,Oceania,6335000,4100000,0.647198106,0.393,6.770473985,6.770473985,-1.683648261,H,UDHR,Meso-Philippine,Austronesian
hil,udhr_hil.csv,Hiligaynon ,Austronesian,Austronesian,Oceania,Oceania,6335000,4100000,0.647198106,0.393,0.242195368,0.242195368,-0.983070479,TTR,UDHR,Meso-Philippine,Austronesian
urd,udhr_urd.csv,Urdu,Indo-European,Indo-European,Indic,Indic,60586800,43413200,0.716545518,0.417,0.985975226,0.014024774,-0.358326583,a,UDHR,Indic,Indo-European
urd,udhr_urd.csv,Urdu,Indo-European,Indo-European,Indic,Indic,60586800,43413200,0.716545518,0.417,8.002960166,8.002960166,0.202996713,H,UDHR,Indic,Indo-European
urd,udhr_urd.csv,Urdu,Indo-European,Indo-European,Indic,Indic,60586800,43413200,0.716545518,0.417,0.307486631,0.307486631,-0.481385111,TTR,UDHR,Indic,Indo-European
rus,udhr_rus.csv,Russian ,Indo-European,Indo-European,Inner Asia,Inner Asia,151776975,110000000,0.724747611,0.42,0.731967956,0.268032044,0.850436683,a,UDHR,Slavic,Indo-European
rus,udhr_rus.csv,Russian ,Indo-European,Indo-European,Inner Asia,Inner Asia,151776975,110000000,0.724747611,0.42,8.405483473,8.405483473,0.819164737,H,UDHR,Slavic,Indo-European
rus,udhr_rus.csv,Russian ,Indo-European,Indo-European,Inner Asia,Inner Asia,151776975,110000000,0.724747611,0.42,0.472829482,0.472829482,0.789077192,TTR,UDHR,Slavic,Indo-European
ceb,zipf_stats_ceb-x-bible-cebua-v1.txt,cebua,Austronesian,Austronesian,Oceania,Oceania,15403630,11500000,0.746577268,0.427451612,1.148838738,-0.148838738,0.492296962,a,PBC,Meso-Philippine,Austronesian
ceb,zipf_stats_ceb-x-bible-cebua-v1.txt,cebua,Austronesian,Austronesian,Oceania,Oceania,15403630,11500000,0.746577268,0.427451612,8.000058551,8.000058551,0.011902416,H,PBC,Meso-Philippine,Austronesian
ceb,zipf_stats_ceb-x-bible-cebua-v1.txt,cebua,Austronesian,Austronesian,Oceania,Oceania,15403630,11500000,0.746577268,0.427451612,0.099785813,0.099785813,-0.070257801,TTR,PBC,Meso-Philippine,Austronesian
ceb,udhr_ceb.csv,Cebuano ,Austronesian,Austronesian,Oceania,Oceania,15403630,11500000,0.746577268,0.427,0.937875248,0.062124753,-0.129429642,a,UDHR,Meso-Philippine,Austronesian
ceb,udhr_ceb.csv,Cebuano ,Austronesian,Austronesian,Oceania,Oceania,15403630,11500000,0.746577268,0.427,6.915008612,6.915008612,-1.462399916,H,UDHR,Meso-Philippine,Austronesian
ceb,udhr_ceb.csv,Cebuano ,Austronesian,Austronesian,Oceania,Oceania,15403630,11500000,0.746577268,0.427,0.269372694,0.269372694,-0.774245191,TTR,UDHR,Meso-Philippine,Austronesian
ita,freqlist_italian.csv,italian,Indo-European,Indo-European,Europe,Europe,65848339,50000000,0.759320602,0.431598765,1.202490826,-0.202490826,-0.903829366,a,EPC,Romance,IE
ita,freqlist_italian.csv,italian,Indo-European,Indo-European,Europe,Europe,65848339,50000000,0.759320602,0.431598765,10.47959889,10.47959889,-0.42798831,H,EPC,Romance,IE
ita,freqlist_italian.csv,italian,Indo-European,Indo-European,Europe,Europe,65848339,50000000,0.759320602,0.431598765,0.010445064,0.010445064,-0.674821144,TTR,EPC,Romance,IE
ita,zipf_stats_ita-x-bible-intalianobible-v1.txt,v1.txt,Indo-European,Indo-European,Europe,Europe,65848339,50000000,0.759320602,0.431598765,1.093492641,-0.093492641,0.696427232,a,PBC,Romance,Indo-European
ita,zipf_stats_ita-x-bible-intalianobible-v1.txt,v1.txt,Indo-European,Indo-European,Europe,Europe,65848339,50000000,0.759320602,0.431598765,9.00935201,9.00935201,0.869149475,H,PBC,Romance,Indo-European
ita,zipf_stats_ita-x-bible-intalianobible-v1.txt,v1.txt,Indo-European,Indo-European,Europe,Europe,65848339,50000000,0.759320602,0.431598765,0.135851889,0.135851889,0.448994171,TTR,PBC,Romance,Indo-European
ita,udhr_ita.csv,Italian,Indo-European,Indo-European,Europe,Europe,65848339,50000000,0.759320602,0.432,0.931919959,0.068080041,-0.10108977,a,UDHR,Romance,Indo-European
ita,udhr_ita.csv,Italian,Indo-European,Indo-European,Europe,Europe,65848339,50000000,0.759320602,0.432,8.084675285,8.084675285,0.328083242,H,UDHR,Romance,Indo-European
ita,udhr_ita.csv,Italian,Indo-European,Indo-European,Europe,Europe,65848339,50000000,0.759320602,0.432,0.351492928,0.351492928,-0.143249283,TTR,UDHR,Romance,Indo-European
skr,udhr_skr.csv,Saraiki ,Indo-European,Indo-European,Greater Mesopotamia,Greater Mesopotamia,16770000,13000000,0.775193798,0.437,0.967899227,0.032100773,-0.272306986,a,UDHR,NA,NA
skr,udhr_skr.csv,Saraiki ,Indo-European,Indo-European,Greater Mesopotamia,Greater Mesopotamia,16770000,13000000,0.775193798,0.437,8.062368658,8.062368658,0.29393707,H,UDHR,NA,NA
skr,udhr_skr.csv,Saraiki ,Indo-European,Indo-European,Greater Mesopotamia,Greater Mesopotamia,16770000,13000000,0.775193798,0.437,0.32842481,0.32842481,-0.320500213,TTR,UDHR,NA,NA
hin,zipf_stats_hin-x-bible-hindinull-v1.txt,hindinull,Indo-European,Indo-European,Indic,Indic,190838310,154500000,0.809585874,0.447387375,1.255385448,-0.255385448,0.099326003,a,PBC,Indic,Indo-European
hin,zipf_stats_hin-x-bible-hindinull-v1.txt,hindinull,Indo-European,Indo-European,Indic,Indic,190838310,154500000,0.809585874,0.447387375,8.57108042,8.57108042,0.496901911,H,PBC,Indic,Indo-European
hin,zipf_stats_hin-x-bible-hindinull-v1.txt,hindinull,Indo-European,Indo-European,Indic,Indic,190838310,154500000,0.809585874,0.447387375,0.086147172,0.086147172,-0.266616601,TTR,PBC,Indic,Indo-European
hin,udhr_hin.csv,Hindi,Indo-European,Indo-European,Indic,Indic,190838310,154500000,0.809585874,0.447,0.996937846,0.003062154,-0.41049522,a,UDHR,Indic,Indo-European
hin,udhr_hin.csv,Hindi,Indo-European,Indo-European,Indic,Indic,190838310,154500000,0.809585874,0.447,7.910381227,7.910381227,0.061280244,H,UDHR,Indic,Indo-European
hin,udhr_hin.csv,Hindi,Indo-European,Indo-European,Indic,Indic,190838310,154500000,0.809585874,0.447,0.309176471,0.309176471,-0.468400712,TTR,UDHR,Indic,Indo-European
fij,zipf_stats_fij-x-bible-fijih-v1.txt,fijih,Austronesian,Austronesian,Oceania,Oceania,392500,320000,0.815286624,0.449122807,1.410893923,-0.410893923,-0.474228208,a,PBC,Oceanic,Austronesian
fij,zipf_stats_fij-x-bible-fijih-v1.txt,fijih,Austronesian,Austronesian,Oceania,Oceania,392500,320000,0.815286624,0.449122807,7.113691532,7.113691532,-0.740936624,H,PBC,Oceanic,Austronesian
fij,zipf_stats_fij-x-bible-fijih-v1.txt,fijih,Austronesian,Austronesian,Oceania,Oceania,392500,320000,0.815286624,0.449122807,0.041739938,0.041739938,-0.905958247,TTR,PBC,Oceanic,Austronesian
fij,udhr_fij.csv,Fijian ,Austronesian,Austronesian,Oceania,Oceania,392500,320000,0.815286624,0.449,1.204428067,-0.204428067,-1.397894345,a,UDHR,Oceanic,Austronesian
fij,udhr_fij.csv,Fijian ,Austronesian,Austronesian,Oceania,Oceania,392500,320000,0.815286624,0.449,6.661123511,6.661123511,-1.851037985,H,UDHR,Oceanic,Austronesian
fij,udhr_fij.csv,Fijian ,Austronesian,Austronesian,Oceania,Oceania,392500,320000,0.815286624,0.449,0.190453461,0.190453461,-1.380645228,TTR,UDHR,Oceanic,Austronesian
cym,udhr_cym.csv,Welsh,Indo-European,Indo-European,Europe,Europe,317000,271000,0.85488959,0.461,0.901537664,0.098462336,0.043492714,a,UDHR,Celtic,Indo-European
cym,udhr_cym.csv,Welsh,Indo-European,Indo-European,Europe,Europe,317000,271000,0.85488959,0.461,7.948590473,7.948590473,0.119769568,H,UDHR,Celtic,Indo-European
cym,udhr_cym.csv,Welsh,Indo-European,Indo-European,Europe,Europe,317000,271000,0.85488959,0.461,0.37198352,0.37198352,0.014196437,TTR,UDHR,Celtic,Indo-European
ell,freqlist_greek.csv,greek,Indo-European,Indo-European,Europe,Europe,12542245,11000000,0.877035969,0.467245159,1.191912928,-0.191912928,-0.729383505,a,EPC,Greek,IE 
ell,freqlist_greek.csv,greek,Indo-European,Indo-European,Europe,Europe,12542245,11000000,0.877035969,0.467245159,10.52837319,10.52837319,-0.378281475,H,EPC,Greek,IE 
ell,freqlist_greek.csv,greek,Indo-European,Indo-European,Europe,Europe,12542245,11000000,0.877035969,0.467245159,0.012243137,0.012243137,-0.518486765,TTR,EPC,Greek,IE 
ell,udhr_ell_monotonic.csv,Greek ,Indo-European,Indo-European,Europe,Europe,12542245,11000000,0.877035969,0.467,0.879137005,0.120862995,0.150092396,a,UDHR,Greek,Indo-European
ell,udhr_ell_monotonic.csv,Greek ,Indo-European,Indo-European,Europe,Europe,12542245,11000000,0.877035969,0.467,8.161213207,8.161213207,0.445244707,H,UDHR,Greek,Indo-European
ell,udhr_ell_monotonic.csv,Greek ,Indo-European,Indo-European,Europe,Europe,12542245,11000000,0.877035969,0.467,0.391941392,0.391941392,0.167548845,TTR,UDHR,Greek,Indo-European
heb,udhr_heb.csv,Hebrew ,Semitic,Semitic,Greater Mesopotamia,Greater Mesopotamia,5316700,4683300,0.880865951,0.468,0.622785071,0.377214929,1.370013389,a,UDHR,Semitic,Afro-Asiatic
heb,udhr_heb.csv,Hebrew ,Semitic,Semitic,Greater Mesopotamia,Greater Mesopotamia,5316700,4683300,0.880865951,0.468,8.863542288,8.863542288,1.520344495,H,UDHR,Semitic,Afro-Asiatic
heb,udhr_heb.csv,Hebrew ,Semitic,Semitic,Greater Mesopotamia,Greater Mesopotamia,5316700,4683300,0.880865951,0.468,0.615384615,0.615384615,1.884443111,TTR,UDHR,Semitic,Afro-Asiatic
fra,freqlist_french.csv,french,Indo-European,Indo-European,Europe,Europe,88612817,80700000,0.910703474,0.476632552,1.201653872,-0.201653872,-0.890026702,a,EPC,Romance,IE 
fra,freqlist_french.csv,french,Indo-European,Indo-European,Europe,Europe,88612817,80700000,0.910703474,0.476632552,9.971065926,9.971065926,-0.946244213,H,EPC,Romance,IE 
fra,freqlist_french.csv,french,Indo-European,Indo-European,Europe,Europe,88612817,80700000,0.910703474,0.476632552,0.00793495,0.00793495,-0.89306436,TTR,EPC,Romance,IE 
fra,zipf_stats_fra-x-bible-freda-v1.txt,freda,Indo-European,Indo-European,Europe,Europe,88612817,80700000,0.910703474,0.476632552,1.216339348,-0.216339348,0.243337801,a,PBC,Romance,Indo-European
fra,zipf_stats_fra-x-bible-freda-v1.txt,freda,Indo-European,Indo-European,Europe,Europe,88612817,80700000,0.910703474,0.476632552,7.995327651,7.995327651,0.00788421,H,PBC,Romance,Indo-European
fra,zipf_stats_fra-x-bible-freda-v1.txt,freda,Indo-European,Indo-European,Europe,Europe,88612817,80700000,0.910703474,0.476632552,0.085106383,0.085106383,-0.281601093,TTR,PBC,Romance,Indo-European
fra,udhr_fra.csv,French ,Indo-European,Indo-European,Europe,Europe,88612817,80700000,0.910703474,0.477,0.92137679,0.07862321,-0.050917209,a,UDHR,Romance,Indo-European
fra,udhr_fra.csv,French ,Indo-European,Indo-European,Europe,Europe,88612817,80700000,0.910703474,0.477,7.827937929,7.827937929,-0.064920956,H,UDHR,Romance,Indo-European
fra,udhr_fra.csv,French ,Indo-European,Indo-European,Europe,Europe,88612817,80700000,0.910703474,0.477,0.332646756,0.332646756,-0.288059605,TTR,UDHR,Romance,Indo-European
iba,zipf_stats_iba-x-bible-iban-v1.txt,iban,Austronesian,Austronesian,Southeast Asia,Southeast Asia,658000,600000,0.911854103,0.476947536,1.30981415,-0.30981415,-0.101420683,a,PBC,Malayic,Austronesian
iba,zipf_stats_iba-x-bible-iban-v1.txt,iban,Austronesian,Austronesian,Southeast Asia,Southeast Asia,658000,600000,0.911854103,0.476947536,7.908845276,7.908845276,-0.065569909,H,PBC,Malayic,Austronesian
iba,zipf_stats_iba-x-bible-iban-v1.txt,iban,Austronesian,Austronesian,Southeast Asia,Southeast Asia,658000,600000,0.911854103,0.476947536,0.0546875,0.0546875,-0.719549073,TTR,PBC,Malayic,Austronesian
nep,udhr_nep.csv,Nepali ,Indo-European,Indo-European,Indic,Indic,14965850,15000000,1.002281862,0.501,0.726110321,0.273889679,0.878311847,a,UDHR,Indic,Indo-European
nep,udhr_nep.csv,Nepali ,Indo-European,Indo-European,Indic,Indic,14965850,15000000,1.002281862,0.501,8.347905946,8.347905946,0.731027155,H,UDHR,Indic,Indo-European
nep,udhr_nep.csv,Nepali ,Indo-European,Indo-European,Indic,Indic,14965850,15000000,1.002281862,0.501,0.472543353,0.472543353,0.786878632,TTR,UDHR,Indic,Indo-European
azj,zipf_stats_azj-x-bible-azerb-v1.txt,azerb,Turkic,Turkic,Greater Mesopotamia,Greater Mesopotamia,7473270,8000000,1.070481864,0.517020643,1.201439658,-0.201439658,0.298291594,a,PBC,Turkic,Altaic
azj,zipf_stats_azj-x-bible-azerb-v1.txt,azerb,Turkic,Turkic,Greater Mesopotamia,Greater Mesopotamia,7473270,8000000,1.070481864,0.517020643,7.89787773,7.89787773,-0.074885234,H,PBC,Turkic,Altaic
azj,zipf_stats_azj-x-bible-azerb-v1.txt,azerb,Turkic,Turkic,Greater Mesopotamia,Greater Mesopotamia,7473270,8000000,1.070481864,0.517020643,0.151306345,0.151306345,0.671495697,TTR,PBC,Turkic,Altaic
azj,udhr_azj_latn.csv,"Azerbaijani, North",Turkic,Turkic,Greater Mesopotamia,Greater Mesopotamia,7473270,8000000,1.070481864,0.517,0.692757496,0.307242504,1.037030411,a,UDHR,Turkic,Altaic
azj,udhr_azj_latn.csv,"Azerbaijani, North",Turkic,Turkic,Greater Mesopotamia,Greater Mesopotamia,7473270,8000000,1.070481864,0.517,8.340301953,8.340301953,0.719387239,H,UDHR,Turkic,Altaic
azj,udhr_azj_latn.csv,"Azerbaijani, North",Turkic,Turkic,Greater Mesopotamia,Greater Mesopotamia,7473270,8000000,1.070481864,0.517,0.465100671,0.465100671,0.729690516,TTR,UDHR,Turkic,Altaic
eng,freqlist_english.csv,english,Indo-European,Indo-European,Europe,Europe,339004069,365000000,1.076683242,0.518462913,1.211702635,-0.211702635,-1.055746327,a,EPC,Germanic,IE
eng,freqlist_english.csv,english,Indo-European,Indo-European,Europe,Europe,339004069,365000000,1.076683242,0.518462913,9.510627282,9.510627282,-1.415486248,H,EPC,Germanic,IE
eng,freqlist_english.csv,english,Indo-European,Indo-European,Europe,Europe,339004069,365000000,1.076683242,0.518462913,0.006060591,0.006060591,-1.056031518,TTR,EPC,Germanic,IE
eng,zipf_stats_eng-x-bible-engba-v1.txt,engba,Indo-European,Indo-European,Europe,Europe,339004069,365000000,1.076683242,0.518462913,1.393466186,-0.393466186,-0.409950349,a,PBC,Germanic,Indo-European
eng,zipf_stats_eng-x-bible-engba-v1.txt,engba,Indo-European,Indo-European,Europe,Europe,339004069,365000000,1.076683242,0.518462913,7.680645023,7.680645023,-0.259392622,H,PBC,Germanic,Indo-European
eng,zipf_stats_eng-x-bible-engba-v1.txt,engba,Indo-European,Indo-European,Europe,Europe,339004069,365000000,1.076683242,0.518462913,0.037506828,0.037506828,-0.966903348,TTR,PBC,Germanic,Indo-European
eng,udhr_eng.csv,English ,Indo-European,Indo-European,Europe,Europe,339004069,365000000,1.076683242,0.518,0.970390747,0.029609253,-0.284163566,a,UDHR,Germanic,Indo-European
eng,udhr_eng.csv,English ,Indo-European,Indo-European,Europe,Europe,339004069,365000000,1.076683242,0.518,7.450198824,7.450198824,-0.643150224,H,UDHR,Germanic,Indo-European
eng,udhr_eng.csv,English ,Indo-European,Indo-European,Europe,Europe,339004069,365000000,1.076683242,0.518,0.304123711,0.304123711,-0.507225132,TTR,UDHR,Germanic,Indo-European
srp,udhr_srp_latn.csv,Serbian ,Indo-European,Indo-European,Europe,Europe,10010275,11000000,1.09887091,0.524,0.755326033,0.244673967,0.739280867,a,UDHR,NA,NA
srp,udhr_srp_latn.csv,Serbian ,Indo-European,Indo-European,Europe,Europe,10010275,11000000,1.09887091,0.524,8.304344031,8.304344031,0.664344161,H,UDHR,NA,NA
srp,udhr_srp_latn.csv,Serbian ,Indo-European,Indo-European,Europe,Europe,10010275,11000000,1.09887091,0.524,0.472607261,0.472607261,0.78736969,TTR,UDHR,NA,NA
nbl,udhr_nbl.csv,Ndebele ,Benue-Congo,Benue-Congo,S Africa,S Africa,1120000,1400000,1.25,0.556,0.619640923,0.380359077,1.384975678,a,UDHR,Bantoid,Niger-Congo
nbl,udhr_nbl.csv,Ndebele ,Benue-Congo,Benue-Congo,S Africa,S Africa,1120000,1400000,1.25,0.556,8.575815684,8.575815684,1.079903085,H,UDHR,Bantoid,Niger-Congo
nbl,udhr_nbl.csv,Ndebele ,Benue-Congo,Benue-Congo,S Africa,S Africa,1120000,1400000,1.25,0.556,0.602215509,0.602215509,1.783254256,TTR,UDHR,Bantoid,Niger-Congo
arb,udhr_arb.csv,Arabic ,Semitic,Semitic,N Africa,Other,192300000,246000000,1.27925117,0.561,0.667073696,0.332926304,1.159253818,a,UDHR,Semitic,Afro-Asiatic
arb,udhr_arb.csv,Arabic ,Semitic,Semitic,N Africa,Other,192300000,246000000,1.27925117,0.561,8.7332778,8.7332778,1.32094036,H,UDHR,Semitic,Afro-Asiatic
arb,udhr_arb.csv,Arabic ,Semitic,Semitic,N Africa,Other,192300000,246000000,1.27925117,0.561,0.56718634,0.56718634,1.514096938,TTR,UDHR,Semitic,Afro-Asiatic
pes,udhr_pes_1.csv,Persian,Indo-European,Indo-European,Greater Mesopotamia,Greater Mesopotamia,47430600,62000000,1.307173006,0.567,0.827652832,0.172347168,0.395093957,a,UDHR,Iranian,Indo-European
pes,udhr_pes_1.csv,Persian,Indo-European,Indo-European,Greater Mesopotamia,Greater Mesopotamia,47430600,62000000,1.307173006,0.567,8.043343645,8.043343645,0.264814273,H,UDHR,Iranian,Indo-European
pes,udhr_pes_1.csv,Persian,Indo-European,Indo-European,Greater Mesopotamia,Greater Mesopotamia,47430600,62000000,1.307173006,0.567,0.356303419,0.356303419,-0.106286409,TTR,UDHR,Iranian,Indo-European
dyu,zipf_stats_dyu-x-bible-jula-v1.txt,jula,Mande,Other,African Savannah  ,African Savannah  ,1229000,1850000,1.505288853,0.60084443,1.590297254,-0.590297254,-1.135912636,a,PBC,,Niger-Congo
dyu,zipf_stats_dyu-x-bible-jula-v1.txt,jula,Mande,Other,African Savannah  ,African Savannah  ,1229000,1850000,1.505288853,0.60084443,6.794845222,6.794845222,-1.011749893,H,PBC,,Niger-Congo
dyu,zipf_stats_dyu-x-bible-jula-v1.txt,jula,Mande,Other,African Savannah  ,African Savannah  ,1229000,1850000,1.505288853,0.60084443,0.037492726,0.037492726,-0.967106375,TTR,PBC,,Niger-Congo
zul,zipf_stats_zul-x-bible-zulu-v1.txt,zulu,Benue-Congo ,Benue-Congo,S Africa,S Africa,9790000,15850000,1.618998979,0.618174727,0.816997714,0.183002286,1.716209789,a,PBC,Bantoid,Niger-Congo
zul,zipf_stats_zul-x-bible-zulu-v1.txt,zulu,Benue-Congo ,Benue-Congo,S Africa,S Africa,9790000,15850000,1.618998979,0.618174727,10.90397783,10.90397783,2.478356779,H,PBC,Bantoid,Niger-Congo
zul,zipf_stats_zul-x-bible-zulu-v1.txt,zulu,Benue-Congo ,Benue-Congo,S Africa,S Africa,9790000,15850000,1.618998979,0.618174727,0.354273423,0.354273423,3.593661576,TTR,PBC,Bantoid,Niger-Congo
kng,zipf_stats_kng-x-bible-koongo-v1.txt,koongo,Benue-Congo,Benue-Congo,S Africa,S Africa,3000000,5000000,1.666666667,0.625,1.088908789,-0.088908789,0.713333628,a,PBC,Bantoid,Niger-Congo
kng,zipf_stats_kng-x-bible-koongo-v1.txt,koongo,Benue-Congo,Benue-Congo,S Africa,S Africa,3000000,5000000,1.666666667,0.625,9.172465337,9.172465337,1.007690371,H,PBC,Bantoid,Niger-Congo
kng,zipf_stats_kng-x-bible-koongo-v1.txt,koongo,Benue-Congo,Benue-Congo,S Africa,S Africa,3000000,5000000,1.666666667,0.625,0.140663868,0.140663868,0.518273395,TTR,PBC,Bantoid,Niger-Congo
kng,udhr_kng.csv,Koongo,Benue-Congo,Benue-Congo,S Africa,S Africa,3000000,5000000,1.666666667,0.625,0.868237061,0.131762939,0.201962767,a,UDHR,Bantoid,Niger-Congo
kng,udhr_kng.csv,Koongo,Benue-Congo,Benue-Congo,S Africa,S Africa,3000000,5000000,1.666666667,0.625,7.807326049,7.807326049,-0.09647287,H,UDHR,Bantoid,Niger-Congo
kng,udhr_kng.csv,Koongo,Benue-Congo,Benue-Congo,S Africa,S Africa,3000000,5000000,1.666666667,0.625,0.361556064,0.361556064,-0.065926104,TTR,UDHR,Bantoid,Niger-Congo
afr,zipf_stats_afr-x-bible-afrnlv-v1.txt,afrnlv,Indo-European,Indo-European,S Africa,S Africa,5467475,10300000,1.883867782,0.653243465,1.279045556,-0.279045556,0.012061599,a,PBC,Germanic,Indo-European
afr,zipf_stats_afr-x-bible-afrnlv-v1.txt,afrnlv,Indo-European,Indo-European,S Africa,S Africa,5467475,10300000,1.883867782,0.653243465,8.250675968,8.250675968,0.224765228,H,PBC,Germanic,Indo-European
afr,zipf_stats_afr-x-bible-afrnlv-v1.txt,afrnlv,Indo-European,Indo-European,S Africa,S Africa,5467475,10300000,1.883867782,0.653243465,0.08608384,0.08608384,-0.267528412,TTR,PBC,Germanic,Indo-European
afr,udhr_afr.csv,Afrikaans ,Indo-European,Indo-European,S Africa,S Africa,5467475,10300000,1.883867782,0.653,0.965145382,0.034854618,-0.259202059,a,UDHR,Germanic,Indo-European
afr,udhr_afr.csv,Afrikaans ,Indo-European,Indo-European,S Africa,S Africa,5467475,10300000,1.883867782,0.653,7.465085054,7.465085054,-0.620362926,H,UDHR,Germanic,Indo-European
afr,udhr_afr.csv,Afrikaans ,Indo-European,Indo-European,S Africa,S Africa,5467475,10300000,1.883867782,0.653,0.296142433,0.296142433,-0.56855172,TTR,UDHR,Germanic,Indo-European
wol,zipf_stats_wol-x-bible-wolof-v1.txt,wolof,Atlantic,Atlantic,African Savannah  ,African Savannah  ,3976500,7973772,2.005223689,0.667246068,1.420265694,-0.420265694,-0.508793646,a,PBC,Northern Atlantic,Niger-Congo
wol,zipf_stats_wol-x-bible-wolof-v1.txt,wolof,Atlantic,Atlantic,African Savannah  ,African Savannah  ,3976500,7973772,2.005223689,0.667246068,8.168466501,8.168466501,0.15494032,H,PBC,Northern Atlantic,Niger-Congo
wol,zipf_stats_wol-x-bible-wolof-v1.txt,wolof,Atlantic,Atlantic,African Savannah  ,African Savannah  ,3976500,7973772,2.005223689,0.667246068,0.072459372,0.072459372,-0.46368316,TTR,PBC,Northern Atlantic,Niger-Congo
wol,udhr_wol.csv,Wolof,Atlantic,Atlantic,African Savannah  ,African Savannah  ,3976500,7973772,2.005223689,0.667,0.980455648,0.019544352,-0.332060158,a,UDHR,Northern Atlantic,Niger-Congo
wol,udhr_wol.csv,Wolof,Atlantic,Atlantic,African Savannah  ,African Savannah  ,3976500,7973772,2.005223689,0.667,7.803454645,7.803454645,-0.102399075,H,UDHR,Northern Atlantic,Niger-Congo
wol,udhr_wol.csv,Wolof,Atlantic,Atlantic,African Savannah  ,African Savannah  ,3976500,7973772,2.005223689,0.667,0.308139535,0.308139535,-0.476368324,TTR,UDHR,Northern Atlantic,Niger-Congo
srn,zipf_stats_srn-x-bible-srana-v1.txt,srana,Sranan,Other,NE South America,Other,126400,300000,2.373417722,0.703564728,1.589057591,-0.589057591,-1.131340446,a,PBC,English based,Creole
srn,zipf_stats_srn-x-bible-srana-v1.txt,srana,Sranan,Other,NE South America,Other,126400,300000,2.373417722,0.703564728,7.042230627,7.042230627,-0.801632203,H,PBC,English based,Creole
srn,zipf_stats_srn-x-bible-srana-v1.txt,srana,Sranan,Other,NE South America,Other,126400,300000,2.373417722,0.703564728,0.025711099,0.025711099,-1.136729298,TTR,PBC,English based,Creole
kea,udhr_kea.csv,Kabuverdianu,Creole,Creole,Cape Verde Islands,Other,394000,954000,2.421319797,0.708,0.961204171,0.038795829,-0.240446722,a,UDHR,NA,NA
kea,udhr_kea.csv,Kabuverdianu,Creole,Creole,Cape Verde Islands,Other,394000,954000,2.421319797,0.708,7.481133047,7.481133047,-0.595797242,H,UDHR,NA,NA
kea,udhr_kea.csv,Kabuverdianu,Creole,Creole,Cape Verde Islands,Other,394000,954000,2.421319797,0.708,0.279578947,0.279578947,-0.695822323,TTR,UDHR,NA,NA
tgl,zipf_stats_tgl-x-bible-tagal-v1.txt,tagal,Austronesian ,Austronesian,Oceania,Oceania,20426600,51000000,2.496744441,0.714019707,1.167851175,-0.167851175,0.422174332,a,PBC,Meso-Philippine,Austronesian
tgl,zipf_stats_tgl-x-bible-tagal-v1.txt,tagal,Austronesian ,Austronesian,Oceania,Oceania,20426600,51000000,2.496744441,0.714019707,7.956115393,7.956115393,-0.025420864,H,PBC,Meso-Philippine,Austronesian
tgl,zipf_stats_tgl-x-bible-tagal-v1.txt,tagal,Austronesian ,Austronesian,Oceania,Oceania,20426600,51000000,2.496744441,0.714019707,0.102111388,0.102111388,-0.036775939,TTR,PBC,Meso-Philippine,Austronesian
tgl,udhr_tgl.csv,Tagalog(including Filipino),Austronesian,Austronesian,Oceania,Oceania,20426600,51000000,2.496744441,0.714,1.031624637,-0.031624637,-0.575561829,a,UDHR,Meso-Philippine,Austronesian
tgl,udhr_tgl.csv,Tagalog(including Filipino),Austronesian,Austronesian,Oceania,Oceania,20426600,51000000,2.496744441,0.714,7.166638231,7.166638231,-1.077214457,H,UDHR,Meso-Philippine,Austronesian
tgl,udhr_tgl.csv,Tagalog(including Filipino),Austronesian,Austronesian,Oceania,Oceania,20426600,51000000,2.496744441,0.714,0.288319369,0.288319369,-0.628662623,TTR,UDHR,Meso-Philippine,Austronesian
pov,udhr_pov.csv,Crioulo,Creole,Creole,African Savannah  ,African Savannah  ,206000,600000,2.912621359,0.744,1.001742359,-0.001742359,-0.433358811,a,UDHR,Creoles and Pidgins,other
pov,udhr_pov.csv,Crioulo,Creole,Creole,African Savannah  ,African Savannah  ,206000,600000,2.912621359,0.744,7.23237357,7.23237357,-0.976589193,H,UDHR,Creoles and Pidgins,other
pov,udhr_pov.csv,Crioulo,Creole,Creole,African Savannah  ,African Savannah  ,206000,600000,2.912621359,0.744,0.251530612,0.251530612,-0.911340275,TTR,UDHR,Creoles and Pidgins,other
lin,udhr_lin.csv,Lingala ,Benue-Congo,Benue-Congo,S Africa,S Africa,2141300,7000000,3.269042171,0.766,1.034999747,-0.034999747,-0.591623212,a,UDHR,Bantoid,Niger-Congo
lin,udhr_lin.csv,Lingala ,Benue-Congo,Benue-Congo,S Africa,S Africa,2141300,7000000,3.269042171,0.766,6.649264485,6.649264485,-1.869191351,H,UDHR,Bantoid,Niger-Congo
lin,udhr_lin.csv,Lingala ,Benue-Congo,Benue-Congo,S Africa,S Africa,2141300,7000000,3.269042171,0.766,0.213223141,0.213223141,-1.205687436,TTR,UDHR,Bantoid,Niger-Congo
mri,zipf_stats_mri-x-bible-maori-v1.txt,maori,Austronesian,Austronesian,Oceania,Oceania,35130,121980,3.472245944,0.776398702,1.45870558,-0.45870558,-0.650569577,a,PBC,Oceanic,Austronesian
mri,zipf_stats_mri-x-bible-maori-v1.txt,maori,Austronesian,Austronesian,Oceania,Oceania,35130,121980,3.472245944,0.776398702,7.018123514,7.018123514,-0.822107667,H,PBC,Oceanic,Austronesian
mri,zipf_stats_mri-x-bible-maori-v1.txt,maori,Austronesian,Austronesian,Oceania,Oceania,35130,121980,3.472245944,0.776398702,0.03557302,0.03557302,-0.994744838,TTR,PBC,Oceanic,Austronesian
mri,udhr_mri.csv,Maori,Austronesian,Austronesian,Oceania,Oceania,35130,121980,3.472245944,0.776,1.339040579,-0.339040579,-2.03848491,a,UDHR,Oceanic,Austronesian
mri,udhr_mri.csv,Maori,Austronesian,Austronesian,Oceania,Oceania,35130,121980,3.472245944,0.776,6.686297565,6.686297565,-1.812502461,H,UDHR,Oceanic,Austronesian
mri,udhr_mri.csv,Maori,Austronesian,Austronesian,Oceania,Oceania,35130,121980,3.472245944,0.776,0.129132876,0.129132876,-1.851820673,TTR,UDHR,Oceanic,Austronesian
ast,udhr_ast.csv,Asturian,Indo-European,Indo-European,Europe,Europe,125000,450000,3.6,0.783,0.917151188,0.082848813,-0.030808519,a,UDHR,Romance,Indo-European
ast,udhr_ast.csv,Asturian,Indo-European,Indo-European,Europe,Europe,125000,450000,3.6,0.783,7.870634501,7.870634501,0.000437403,H,UDHR,Romance,Indo-European
ast,udhr_ast.csv,Asturian,Indo-European,Indo-European,Europe,Europe,125000,450000,3.6,0.783,0.354363828,0.354363828,-0.121189851,TTR,UDHR,Romance,Indo-European
bam,zipf_stats_bam-x-bible-bamba-v1.txt,bamba,Mande,Other,African Savannah  ,African Savannah  ,2772340,10000000,3.607061183,0.782941889,1.56096298,-0.56096298,-1.027720483,a,PBC,Western Mande,Niger-Congo
bam,zipf_stats_bam-x-bible-bamba-v1.txt,bamba,Mande,Other,African Savannah  ,African Savannah  ,2772340,10000000,3.607061183,0.782941889,6.582852885,6.582852885,-1.191806353,H,PBC,Western Mande,Niger-Congo
bam,zipf_stats_bam-x-bible-bamba-v1.txt,bamba,Mande,Other,African Savannah  ,African Savannah  ,2772340,10000000,3.607061183,0.782941889,0.037229029,0.037229029,-0.97090288,TTR,PBC,Western Mande,Niger-Congo
bam,udhr_bam.csv,Bambara ,Mande,Other,African Savannah  ,African Savannah  ,2772340,10000000,3.607061183,0.783,1.001728118,-0.001728118,-0.433291042,a,UDHR,Western Mande,Niger-Congo
bam,udhr_bam.csv,Bambara ,Mande,Other,African Savannah  ,African Savannah  ,2772340,10000000,3.607061183,0.783,7.401763791,7.401763791,-0.717292809,H,UDHR,Western Mande,Niger-Congo
bam,udhr_bam.csv,Bambara ,Mande,Other,African Savannah  ,African Savannah  ,2772340,10000000,3.607061183,0.783,0.295343137,0.295343137,-0.574693354,TTR,UDHR,Western Mande,Niger-Congo
sag,udhr_sag.csv,Sango,Adamawa-Ubangi,Other,African Savannah  ,African Savannah  ,404000,1600000,3.96039604,0.798,1.025142376,-0.025142376,-0.544714208,a,UDHR,Ubangi,Niger-Congo
sag,udhr_sag.csv,Sango,Adamawa-Ubangi,Other,African Savannah  ,African Savannah  ,404000,1600000,3.96039604,0.798,6.450497471,6.450497471,-2.173456659,H,UDHR,Ubangi,Niger-Congo
sag,udhr_sag.csv,Sango,Adamawa-Ubangi,Other,African Savannah  ,African Savannah  ,404000,1600000,3.96039604,0.798,0.181413962,0.181413962,-1.450102978,TTR,UDHR,Ubangi,Niger-Congo
haw,udhr_haw.csv,Hawaiian,Austronesian,Austronesian,Oceania,Oceania,1000,4175,4.175,0.807,1.374022626,-0.374022626,-2.204956574,a,UDHR,Oceanic,Austronesian
haw,udhr_haw.csv,Hawaiian,Austronesian,Austronesian,Oceania,Oceania,1000,4175,4.175,0.807,6.482830921,6.482830921,-2.123961792,H,UDHR,Oceanic,Austronesian
haw,udhr_haw.csv,Hawaiian,Austronesian,Austronesian,Oceania,Oceania,1000,4175,4.175,0.807,0.142682927,0.142682927,-1.747704717,TTR,UDHR,Oceanic,Austronesian
ind,zipf_stats_ind-x-bible-indlam-v1.txt,indlam,Austronesian,Austronesian,Southeast Asia,Southeast Asia,21033000,140000000,6.656206913,0.86938702,1.269313851,-0.269313851,0.047954566,a,PBC,Malayic,Austronesian
ind,zipf_stats_ind-x-bible-indlam-v1.txt,indlam,Austronesian,Austronesian,Southeast Asia,Southeast Asia,21033000,140000000,6.656206913,0.86938702,8.43864296,8.43864296,0.384415674,H,PBC,Malayic,Austronesian
ind,zipf_stats_ind-x-bible-indlam-v1.txt,indlam,Austronesian,Austronesian,Southeast Asia,Southeast Asia,21033000,140000000,6.656206913,0.86938702,0.084863749,0.084863749,-0.285094348,TTR,PBC,Malayic,Austronesian
ind,udhr_ind.csv,Indonesian,Austronesian,Austronesian,Southeast Asia,Southeast Asia,21033000,140000000,6.656206913,0.869,0.887472188,0.112527812,0.110427143,a,UDHR,Malayic,Austronesian
ind,udhr_ind.csv,Indonesian,Austronesian,Austronesian,Southeast Asia,Southeast Asia,21033000,140000000,6.656206913,0.869,7.906675926,7.906675926,0.055608304,H,UDHR,Malayic,Austronesian
ind,udhr_ind.csv,Indonesian,Austronesian,Austronesian,Southeast Asia,Southeast Asia,21033000,140000000,6.656206913,0.869,0.341671751,0.341671751,-0.218713297,TTR,UDHR,Malayic,Austronesian
kri,zipf_stats_kri-x-bible-krio-v1.txt,krio,Creole,Creole,Sierra Leone,Other,473000,4000000,8.456659619,0.894254415,1.726945638,-0.726945638,-1.639906109,a,PBC,English based,Creole
kri,zipf_stats_kri-x-bible-krio-v1.txt,krio,Creole,Creole,Sierra Leone,Other,473000,4000000,8.456659619,0.894254415,6.670294563,6.670294563,-1.117537447,H,PBC,English based,Creole
kri,zipf_stats_kri-x-bible-krio-v1.txt,krio,Creole,Creole,Sierra Leone,Other,473000,4000000,8.456659619,0.894254415,0.024495564,0.024495564,-1.154229642,TTR,PBC,English based,Creole
kri,udhr_kri.csv,Krio,Creole,Creole,Sierra Leone,Other,473000,4000000,8.456659619,0.894,1.231158321,-0.231158321,-1.525097593,a,UDHR,NA,NA
kri,udhr_kri.csv,Krio,Creole,Creole,Sierra Leone,Other,473000,4000000,8.456659619,0.894,7.083354346,7.083354346,-1.204702396,H,UDHR,NA,NA
kri,udhr_kri.csv,Krio,Creole,Creole,Sierra Leone,Other,473000,4000000,8.456659619,0.894,0.187940141,0.187940141,-1.399957088,TTR,UDHR,NA,NA
aii,udhr_aii.csv,Neo-Aramaic (Assyrian) ,Semitic,Semitic,Greater Mesopotamia,Greater Mesopotamia,319665,3280335,10.26178969,0.911,0.797308884,0.202691116,0.539493953,a,UDHR,Semitic,Afro-Asiatic
aii,udhr_aii.csv,Neo-Aramaic (Assyrian) ,Semitic,Semitic,Greater Mesopotamia,Greater Mesopotamia,319665,3280335,10.26178969,0.911,8.02414742,8.02414742,0.235429391,H,UDHR,Semitic,Afro-Asiatic
aii,udhr_aii.csv,Neo-Aramaic (Assyrian) ,Semitic,Semitic,Greater Mesopotamia,Greater Mesopotamia,319665,3280335,10.26178969,0.911,0.459016393,0.459016393,0.682940109,TTR,UDHR,Semitic,Afro-Asiatic
swh,zipf_stats_swh-x-bible-swahi-v1.txt,swahi,Benue-Congo,Benue-Congo,S Africa,S Africa,2893815,55000000,19.00605256,0.950015127,0.978893589,0.021106411,1.119097246,a,PBC,Bantoid,Niger-Congo
swh,zipf_stats_swh-x-bible-swahi-v1.txt,swahi,Benue-Congo,Benue-Congo,S Africa,S Africa,2893815,55000000,19.00605256,0.950015127,9.853451588,9.853451588,1.586088511,H,PBC,Bantoid,Niger-Congo
swh,zipf_stats_swh-x-bible-swahi-v1.txt,swahi,Benue-Congo,Benue-Congo,S Africa,S Africa,2893815,55000000,19.00605256,0.950015127,0.203302422,0.203302422,1.420095738,TTR,PBC,Bantoid,Niger-Congo
swh,udhr_swh.csv,"Swahili, Tanzania",Benue-Congo,Benue-Congo,S Africa,S Africa,2893815,55000000,19.00605256,0.95,0.969476819,0.030523181,-0.279814388,a,UDHR,Bantoid,Niger-Congo
swh,udhr_swh.csv,"Swahili, Tanzania",Benue-Congo,Benue-Congo,S Africa,S Africa,2893815,55000000,19.00605256,0.95,7.469269283,7.469269283,-0.61395786,H,UDHR,Bantoid,Niger-Congo
swh,udhr_swh.csv,"Swahili, Tanzania",Benue-Congo,Benue-Congo,S Africa,S Africa,2893815,55000000,19.00605256,0.95,0.298540965,0.298540965,-0.550121867,TTR,UDHR,Bantoid,Niger-Congo
pcm,udhr_pcm.csv,Nigerian Pidgin,Creole,Creole,Nigeria,Other,2500000,51250000,20.5,0.953,1.793201168,-0.793201168,-4.199732645,a,UDHR,Creoles and Pidgins,other
pcm,udhr_pcm.csv,Nigerian Pidgin,Creole,Creole,Nigeria,Other,2500000,51250000,20.5,0.953,6.947941843,6.947941843,-1.411986926,H,UDHR,Creoles and Pidgins,other
pcm,udhr_pcm.csv,Nigerian Pidgin,Creole,Creole,Nigeria,Other,2500000,51250000,20.5,0.953,0.114524307,0.114524307,-1.964070078,TTR,UDHR,Creoles and Pidgins,other
tpi,zipf_stats_tpi-x-bible-tokpi-v1.txt,tokpi,Tok Pisin ,Other,S New Guinea,Other,122000,4000000,32.78688525,0.970402717,1.424674508,-0.424674508,-0.525054457,a,PBC,English based,Creole
tpi,zipf_stats_tpi-x-bible-tokpi-v1.txt,tokpi,Tok Pisin ,Other,S New Guinea,Other,122000,4000000,32.78688525,0.970402717,6.479091453,6.479091453,-1.279936502,H,PBC,English based,Creole
tpi,zipf_stats_tpi-x-bible-tokpi-v1.txt,tokpi,Tok Pisin ,Other,S New Guinea,Other,122000,4000000,32.78688525,0.970402717,0.015992027,0.015992027,-1.276657118,TTR,PBC,English based,Creole
tpi,udhr_tpi.csv,Tok Pisin (Melanesian English),Creole,Creole,S New Guinea,Other,122000,4000000,32.78688525,0.97,1.321176225,-0.321176225,-1.953472481,a,UDHR,Creoles and Pidgins,other
tpi,udhr_tpi.csv,Tok Pisin (Melanesian English),Creole,Creole,S New Guinea,Other,122000,4000000,32.78688525,0.97,6.641616709,6.641616709,-1.880898288,H,UDHR,Creoles and Pidgins,other
tpi,udhr_tpi.csv,Tok Pisin (Melanesian English),Creole,Creole,S New Guinea,Other,122000,4000000,32.78688525,0.97,0.167110165,0.167110165,-1.560010571,TTR,UDHR,Creoles and Pidgins,other