word,word_class,Afrikaans_aoa,Afrikaans,Catalan_aoa,Catalan,Danish_aoa,Danish,Dutch_aoa,Dutch,English_aoa,English,Finnish_aoa,Finnish,German_aoa,German,Greek_aoa,Greek,Hebrew_aoa,Hebrew,Hungarian_aoa,Hungarian,Icelandic_aoa,Icelandic,Irish_aoa,Irish,IsiXhosa_aoa,IsiXhosa,Italian_aoa,Italian,Lithuanian_aoa,Lithuanian,Luxembourgish_aoa,Luxembourgish,Maltese_aoa,Maltese,Polish_aoa,Polish,Russian_aoa,Russian,South African English_aoa,South African English,Serbian_aoa,Serbian,Slovak_aoa,Slovak,Spanish_aoa,Spanish,Swedish_aoa,Swedish,Turkish_aoa,Turkish
airplane,noun,,,4.15,avió,3.30,flyvemaskine,3.95,vliegtuig,3.55,airplane,1.83,lentokone,3.24,Flugzeug,,,2.52,matos,3.52,repül_,3.26,flugvél,3.65,eitleán,5.50,inqwelo-moya,4.32,aeroplano,4.18,l_ktuvas,2.77,Fliger,4.20,ajruplan,,,2.66,_______,3.57,aeroplane,4.73,avion,2.78,lietadlo,3.59,avión,3.17,flygplan,3.05,uçak
ant,noun,3.22,mier,3.10,formiga,2.65,myre,2.95,mier,3.17,ant,2.04,muurahainen,2.81,Ameise,3.15,________,2.90,nemala,3.67,hangya,4.50,maur,5.29,seangán,4.54,imbovane,3.08,formica,4.25,skruzd_l_,3.32,Seechomes,3.77,nemla,3.31,mrówka,3.22,_______,2.78,ant,3.76,mrav,2.91,mravec,3.23,hormiga,2.57,myra,2.85,karınca
apple,noun,2.84,appel,2.50,poma,2.09,æble,2.45,appel,2.52,apple,1.67,omena,1.81,Apfel,2.75,____,1.98,tapu'ax,2.60,alma,2.61,epli,2.10,úll,3.33,iapile,2.20,mela,2.75,obuolys,2.25,Apel,3.18,tuffie_a,2.66,jab_ko,2.03,______,2.29,apple,3.30,jabuka,2.12,jablko,2.77,manzana,2.30,äpple,2.26,elma
axe,noun,4.41,byl,5.40,destral,3.96,økse,5.00,bijl,5.57,axe,3.29,kirves,5.48,Axt,5.31,________,4.94,garzen,5.19,balta,5.17,öxi,5.70,tua,5.73,izembe,4.92,zappa,4.57,kirvis,4.50,Aaxt,8.00,mannara,4.69,siekiera,4.17,_____,4.83,axe,5.52,sekira,5.33,sekera,5.41,hacha,4.70,yxa,4.41,balta
ball,noun,2.59,bal,2.55,pilota,1.91,bold,1.81,bal,2.03,ball,1.22,pallo,2.00,Ball,2.13,_π___,1.67,kadur,2.19,labda,2.30,bolti,2.25,liathróid,3.28,ibhola,2.00,palla,2.61,kamuolys,2.05,Ball,3.00,ballun,2.59,pi_ka,1.76,___,2.19,ball,2.70,lopta,2.12,lopta,2.59,pelota,1.87,boll,1.97,top
balloon,noun,,,3.30,globus,2.57,ballon,2.43,ballon,2.93,balloon,1.89,ilmapallo,2.43,Luftballon,,,1.86,balon,3.25,lufi,3.57,bla_ra,3.16,balún,3.36,ibhaloni,2.80,palloncino,3.39,balionas,2.77,Ballon,3.19,bu__ieqa,,,3.44,_________ ___,2.62,balloon,3.21,balon,2.11,balón,2.82,globo,2.65,ballong,2.24,balon
banana,noun,3.14,piesang,2.95,plàtan,2.26,banan,2.45,banaan,2.73,banana,1.83,banaani,2.05,Banane,2.97,_π_____,1.62,banana,4.14,banán,3.04,banani,2.95,banana,3.56,ibhanana,2.64,banana,5.43,bananas,2.48,Banann,3.18,banana,3.06,banan,3.86,_____,2.55,banana,3.61,banana,2.55,banán,2.82,plátano,2.30,banan,2.95,muz
barrel,noun,3.67,vat,4.30,bóta,3.77,tønde,4.00,ton,5.61,barrel,4.00,tynnyri,4.52,Fass,4.69,______,4.65,xavit,4.90,hordó,4.00,tunna,4.26,bairille,7.12,ifatyi,4.08,botte,5.48,statin_,4.48,Faass,6.45,bettija,4.66,beczka,3.97,_____,6.07,barrel,5.27,bure,4.76,sud,5.95,barril,3.91,tunna,6.62,fıçı
basket,noun,4.05,mandjie,4.20,cistella,3.61,kurv,3.64,mand,4.04,basket,2.63,kori,3.43,Korb,3.71,______,3.33,sal,3.57,kosár,4.00,karfa,4.00,ciseán,6.59,ibhaskithi,3.76,cestino,4.46,krep_ys,3.00,Kuerf,4.00,qoffa,3.75,koszyk,3.47,_______,3.44,basket,4.70,korpa,3.12,kô_,4.41,cesta,3.65,korg,3.89,sepet
battery,noun,4.89,battery,6.00,pila,4.35,batteri,5.50,batterij,5.14,battery,3.29,patteri,4.76,Batterie,4.66,_π______,5.28,batariya,5.57,elem,5.39,rafhla_a,9.24,cadhnra,6.04,ibhetri,5.20,pila,7.11,elementas,4.50,Batterie,5.44,batterija,4.78,bateria,3.94,_______,5.00,battery,5.73,baterija,4.61,baterka,4.91,pila,4.26,batteri,4.18,pil
bear,noun,3.89,beer,3.35,ós,3.09,bjørn,2.73,beer,2.78,bear,2.50,karhu,2.38,Bär,3.32,_______,2.57,dov,3.33,medve,4.09,björn,4.40,béar,5.60,ibhere,3.00,orso,3.32,me_ka,3.18,Bier,4.54,ors,3.44,nied_wied_,2.36,_______,3.14,bear,3.97,medved,2.67,medve_,3.36,oso,2.48,björn,3.10,ayı
bed,noun,2.68,bed,2.15,llit,1.83,seng,1.91,bed,1.99,bed,1.25,sänky,1.81,Bett,2.68,_______,1.86,mita,2.52,ágy,1.96,rúm,1.90,leaba,3.48,ibhedi,2.24,letto,2.32,lova,2.05,Bett,2.58,sodda,2.31,_ó_ko,1.81,_______,2.33,bed,2.97,krevet,1.94,poste_,2.32,cama,1.96,säng,2.08,yatak
bell,noun,4.03,klok,3.05,campana,3.13,klokke,2.73,bel,3.40,bell,1.92,kello,3.33,Glocke,3.54,________,3.14,pa'amon,3.57,cseng_,3.57,bjalla,4.65,cloigín,5.52,intsimbi,3.56,campana,4.61,varpelis,3.50,Klack,4.73,qanpiena,3.52,dzwonek,3.22,___________,3.49,bell,4.67,zvono,3.48,zvon_ek,4.19,campana,4.00,ringklocka,6.31,çan
belt,noun,5.06,gordel,4.40,cinturó,3.65,bælte,4.09,riem,4.22,belt,3.21,vyö,3.95,Gürtel,4.10,____,4.33,xagora,4.29,öv,3.83,belti,4.00,crois,4.88,ibhanti,4.20,cintura,3.50,dir_as,3.62,Rimm,4.46,_intorin,3.84,pasek,3.51,______,3.68,belt,4.82,kai_,4.15,opasok,4.50,cinturón,4.35,skärp,4.33,kemer
bicycle,noun,,,3.00,bicicleta,2.70,cykel,7.86,mountainbike,3.66,bicycle,2.00,polkupyörä,3.19,Fahrrad,,,2.90,ofanayim,3.43,bicikli,3.04,hjól,3.00,rothar,4.57,ibhayisekile,3.20,bicicletta,3.64,dviratis,3.05,Vëlo,3.55,rota,,,3.17,_________,3.48,bicycle,3.97,bicikl,3.00,bicykel,3.65,bicicleta,3.26,cykel,3.33,bisiklet
bird,noun,2.92,voël,2.70,ocell,2.17,fugl,2.32,vogel,2.40,bird,1.38,lintu,2.14,Vogel,2.84,π____,2.19,cipor,3.00,madár,2.39,fugl,2.20,éan,4.38,intaka,2.64,uccello,2.93,pauk_tis,2.41,Vull,3.38,g_asfur,2.53,ptak,2.06,_____,2.43,bird,3.36,ptica,2.21,vták,2.68,pájaro,2.17,fågel,1.95,ku_
blackboard,noun,2.92,bord,3.85,pissarra,4.22,tavle,4.55,schoolbord,4.76,blackboard,4.42,liitutaulu,4.00,Tafel,4.32,π______,4.24,lu'ax,4.71,tábla,5.22,tafla,4.00,clár dubh,5.88,ibhodi,4.08,lavagna,4.18,lenta,3.95,Tafel,4.44,blackboard,4.88,tablica,5.28,________ _____,5.15,blackboard,5.24,tabla,5.18,tabu_a,3.77,pizarra,3.30,tavla ,5.95,karatahta
bone,noun,3.51,been [English: bone],4.00,os,2.04,ben,3.73,bot,4.02,bone,2.79,luu,4.33,Knochen,4.00,______,3.95,ecem,4.05,csont,3.65,bein,3.40,cnámh,4.08,ithambo,3.64,osso,4.18,kaulas,3.27,Schank,5.75,g_adma,4.16,ko__,3.39,_____,3.40,bone,5.42,kost,4.45,kos_,4.27,hueso,2.09,ben,4.64,kemik
boot,noun,5.53,stewel,3.85,bota,2.70,støvle,2.91,laars,3.31,boot,2.17,saapas,3.00,Stiefel,3.93,_π___,3.71,magaf,3.38,csizma,2.43,stígvél,3.74,buatais,5.33,ibhuthi,4.52,stivale,2.43,batas,3.00,Stiwwel,11.33,buza,5.66,kozak,2.67,_______,3.79,boot,4.21,_izma,3.27,_i_ma,3.45,bota,3.39,stövel,3.90,çizme
bottle,noun,2.89,bottel,3.30,ampolla,3.09,flaske,2.41,fles,2.62,bottle,1.75,pullo,2.43,Flasche,3.16,_π______,1.62,bakbuk,3.67,üveg,3.39,flaska,2.60,buidéal,3.19,ibhotile,2.84,bottiglia,4.11,butelis,2.36,Fläsch,3.77,flixkun,2.97,butelka,2.91,_______,2.38,bottle,4.12,fla_a,2.21,f_a_a,3.45,botella,2.74,flaska ,3.21,_i_e
broom,noun,3.54,besem,3.70,escombra,2.61,kost,3.82,bezem,4.29,broom,3.33,luuta,3.19,Besen,3.09,____π_,2.90,matate,3.52,sepr_,3.61,kústur,2.80,scuab,4.64,umtshayelo,3.32,scopa,3.46,_luota,3.95,Biesem,3.65,xkupa,3.56,miot_a,3.67,_____,3.24,broom,4.21,metla,3.42,metla,3.82,escoba,4.57,kvast ,3.28,süpürge
brush,noun,,,3.65,raspall,3.18,hårbørste,3.55,borstel,3.13,brush,1.83,harja,3.10,Bürste,,,3.02,mivreshet   ,4.29,hajkefe,3.43,bursti,3.60,scuab gruaige,5.04,ibhrashi,3.88,spazzola,4.00,_epetys,2.89,Biischt,4.58,brush,,,3.42,_____,3.05,brush,3.94,_etka,3.78,kefa,3.94,cepillo,3.91,hårborste ,5.14,saç fırçası
bus,noun,3.81,bus,4.85,autobús,2.74,bus,3.00,bus,2.92,bus,2.50,linja-auto,3.10,Bus,4.57,_________,2.81,otobus,3.52,busz,4.43,strætó,2.60,bus,4.96,ibhasi,4.68,autobus,3.93,autobusas,2.91,Bus,4.93,karozza tal-linja,3.42,autobus,2.75,_______,3.48,bus,4.15,autobus,3.64,autobus,3.77,autobus,2.65,buss,3.28,otobüs
butterfly,noun,3.97,skoenlapper,3.35,papallona,2.74,sommerfugl,3.32,vlinder,3.41,butterfly,1.96,perhonen,2.71,Schmetterling,3.05,π________,2.00,parpar,3.48,pillangó,3.22,fi_rildi,2.90,féileacán,4.88,ibhabhathane,3.16,farfalla,3.54,drugelis,3.09,Päiperlek,3.33,farfett,3.03,motyl,2.33,_______,3.07,butterfly,3.79,leptir,2.79,mot__,3.36,mariposa,2.87,fjäril,3.36,kelebek
button,noun,3.68,knoop,3.20,botó,3.17,knap,3.36,knoop,3.27,button,2.13,nappi,2.95,Knopf,3.59,____π_,3.38,kaftor,3.71,gomb,3.00,tala,3.20,cnaipe,5.28,iqhosha,3.40,bottone,3.11,saga,2.70,Knapp,4.58,buttuna,3.38,guzik,2.97,________,3.22,button,4.31,dugme,2.82,gombík,3.50,botón,3.26,knapp,3.33,dü_me
candle,noun,3.68,kers,4.20,espelma,3.96,stearinlys,3.50,kaars,4.49,candle,2.42,kynttilä,2.95,Kerze,3.68,____,3.00,ner,4.14,gyertya,3.65,kerti,3.40,coinneal,4.84,ikhandlela,3.92,candela,4.32,_vak_,3.16,Käerz,4.60,xemg_a,3.94,_wieczka,3.47,______,3.59,candle,4.82,sve_a,3.67,svie_ka,4.52,vela,3.04,ljus,3.38,mum
cap,noun,,,3.65,gorra,3.87,kasket,2.91,muts,3.74,cap,1.67,lakki,2.29,Mütze,,,2.24,kova,2.90,sapka,2.39,húfa,3.10,caipín ,5.28,ikepusi,3.60,berretto,3.04,kepur_,2.41,Mutz,3.92,beritta,,,2.25,_____,2.88,hat,3.48,kapa,1.78,_iapka,3.59,gorro,2.22,mössa ,5.00,bere
car,noun,,,3.15,cotxe,2.00,bil,2.24,auto,2.25,car,1.24,auto,2.19,Auto,,,2.55,mexonit,3.14,autó,2.30,bíll,2.35,carr,4.19,imoto,2.80,macchina,3.07,ma_ina,2.11,Auto,3.08,karozza,,,2.07,______,2.55,car,3.61,auto,1.56,auto,2.76,coche,1.87,bil,2.67,araba
carrot,noun,3.19,wortel,3.25,pastanaga,2.48,gulerod,3.23,wortel,3.15,carrot,1.83,porkkana,2.90,Möhre,3.18,______,2.43,gezer,3.00,sárgarépa,3.22,gulrót,2.95,cairéad,5.58,umnqathe,2.68,carota,2.93,morka,3.14,Muert,4.15,karrotta,3.09,marchew,2.41,_______,2.88,carrot,4.00,_argarepa,2.67,mrkva,3.50,zanahoria,2.78,morot,3.31,havuç
cat,noun,2.73,kat,2.70,gat,1.74,kat,2.36,kat,2.02,cat,1.30,kissa,2.14,Katze,2.31,____,1.95,xatul,2.62,macska,2.17,kisa,1.85,cat,3.79,ikati,2.16,gatto,2.25,kat_,2.33,Kaz,3.17,qattus,2.31,kot,1.76,_____,2.43,cat,2.91,ma_ka,2.09,ma_ka,2.41,gato,1.87,katt,1.95,kedi
chain,noun,,,4.65,cadena,3.87,kæde,3.68,ketting,4.79,chain,3.94,ketju,3.43,Kette,,,3.00,sharsheret,3.65,lánc,4.78,ke_ja,4.80,slabhra,5.43,itsheyini,4.24,catena,4.39,grandin_,3.05,Ketten,6.00,katina,,,4.67,____,4.61,chain,5.00,lanac,4.56,re_az,5.88,cadena,5.00,kedja,4.86,zincir
chair,noun,2.92,stoel,2.70,cadira,2.04,stol,2.14,stoel,2.65,chair,1.38,tuoli,2.10,Stuhl,2.72,_______,2.10,kise,2.71,szék,2.30,stóll,2.70,cathaoir,3.93,isitulo,2.32,sedia,2.57,k_d_,2.41,Stull,3.27,si__u,2.91,krzes_o,1.96,____,2.62,chair,3.21,stolica,2.21,stoli_ka,2.73,silla,2.52,stol,2.95,sandalye
cheese,noun,3.14,kaas,3.65,formatge,2.61,ost,2.55,kaas,3.16,cheese,1.92,juusto,2.52,Käse,3.12,____,2.00,gvina,3.52,sajt,2.65,ostur,3.00,cáis,5.16,itshizi,2.96,formaggio,3.64,s_ris,2.50,Kéis,3.21,_obon,2.75,ser,2.92,___,2.74,cheese,3.73,sir,3.06,syr,3.05,queso,2.43,ost,2.33,peynir
clock,noun,4.95,wekker,5.65,despertador,2.61,ur,3.36,klok,3.29,clock,1.79,kello,3.14,Uhr,3.50,_____,2.62,sha'on,3.67,óra,2.83,klukka,2.70,clog,4.88,iwotshi,3.60,orologio,3.61,laikrodis,3.07,Auer,3.80,arlo__,3.34,zegar,2.78,____,3.45,clock,3.79,sat,3.03,hodiny,3.91,reloj,3.04,klocka,3.23,saat
cloud,noun,3.14,wolk,2.80,núvol,2.70,sky,3.24,wolk,3.19,cloud,2.33,pilvi,2.57,Wolke,3.47,_______,3.10,anan,3.65,felh_,3.13,sk_,3.15,scamall,6.64,ilifu,2.92,nuvola,3.64,debesis,2.77,Wollek,4.71,s_aba,2.94,chmura,2.67,______,3.00,cloud,3.42,oblak,2.67,oblak,2.91,nube,2.87,moln,2.92,bulut
comb,noun,3.38,kam,3.30,pinta,3.09,kam,2.73,kam,3.98,comb,2.04,kampa,3.10,Kamm,3.41,_____,2.86,masrek,2.95,fés_,3.13,grei_a,3.35,cíor,3.83,ikama,3.60,pettine,3.18,_ukos,2.80,Kamp,3.58,pettne,3.55,grzebie_,2.50,________,3.43,comb,4.09,_e_alj,2.70,hrebe_,3.50,peine,3.22,kam ,2.87,tarak
computer,noun,7.94,rekenaar,10.85,ordinador,8.57,computer,5.50,computer,5.28,computer,7.13,tietokone,7.05,Computer,6.73,_π_________,5.63,maxshev,10.48,számítógép,9.43,tölva,8.50,ríomhaire ,9.44,ikhompyutha,6.80,computer,10.37,kompiuteris,7.82,Computer,9.29,kompjuter,6.10,komputer,9.56,_________,6.88,computer,6.30,kompjuter,7.88,po_íta_,7.64,ordenador,9.17,dator,7.38,bilgisayar
cow,noun,3.11,koei,2.95,vaca,1.83,ko,2.14,koe,2.46,cow,1.83,lehmä,2.05,Kuh,3.00,_______,2.29,para,3.14,tehén,3.43,k_r,1.90,bó,4.58,inkomo,2.83,mucca,2.89,karv_,2.23,Kou,3.94,baqra,2.58,krowa,2.20,______,2.50,cow,3.48,krava,2.70,krava,2.64,vaca,2.22,ko,2.74,inek
crocodile,noun,4.00,krokodil,3.65,cocodril,3.61,krokodille,4.05,krokodil,4.11,crocodile,3.25,krokotiili,3.52,Krokodil,4.56,___________,3.79,tanin,4.67,krokodil,4.39,krókódíll,7.50,crogall,7.57,ingwenya,3.40,coccodrillo,4.50,krokodilas,3.50,Krokodil,5.60,kukkudrill,4.03,krokodyl,3.03,________,3.81,crocodile,4.58,krokodil,4.61,krokodíl,4.05,cocodrilo,3.65,krokodil,4.82,timsah
cucumber,noun,4.14,komkommer,7.35,cogombre,2.70,agurk,3.91,komkommer,4.53,cucumber,2.04,kurkku,2.71,Gurke,3.28,_______,2.07,melafefon,3.76,uborka,4.35,agúrka,7.53,cúcamar,6.17,ityhukhamba,5.16,cetriolo,3.32,agurkas,3.90,Kornischong,5.33,_jara,3.06,ogórek,2.28,______,3.68,cucumber,4.36,krastavac,3.30,uhorka,4.91,pepino,3.00,gurka,3.00,salatalık
desk,noun,,,4.95,pupitre,4.26,skrivebord,4.86,bureau,4.16,desk,3.76,työpöytä,4.52,Schreibtisch,,,4.76,shulxan ktiva,5.67,íróasztal,4.13,skrifbor_,3.89,deasc,5.95,idesika,4.96,scrivania,2.68,stalas,4.81,Schreifdësch,6.33,skrivanija,,,4.36,__________ ____,4.29,desk,5.67,radni sto,4.78,písací stôl,6.00,escritorio,4.04,skrivbord ,2.52,masa
dog,noun,2.65,hond,2.40,gos,1.74,hund,2.05,hond,1.99,dog,1.43,koira,1.95,Hund,2.41,______,1.64,kelev,2.43,kutya,2.39,hundur,2.00,madra,3.81,inja,2.04,cane,2.36,_uo,2.23,Hond,2.73,kelb,2.31,pies,1.71,______,2.07,dog,3.00,pas,1.76,pes,2.32,perro,2.09,hund,2.00,köpek
doll,noun,2.81,pop,2.40,nina,1.91,dukke,1.91,pop,2.36,doll,1.25,nukke,2.10,Puppe,2.45,______,1.60,buba,2.10,baba,2.09,dúkka,2.70,babóg,3.32,unodoli,2.40,bambola,2.25,l_l_,2.36,Popp,2.25,pupa,2.52,lalka,1.82,_____,2.38,doll,3.06,lutka,1.73,bábika,2.68,muñeca,2.39,docka,2.28,oyuncak bebek
door,noun,2.89,deur,2.50,porta,2.35,dør,2.59,deur,2.62,door,1.71,ovi,2.00,Tür,2.67,π____,2.36,delet,2.90,ajtó,2.70,hur_,2.10,doras,4.44,ucango,2.40,porta,2.75,durys,2.41,Dier,3.40,bieb,2.72,drzwi,2.14,_____,2.57,door,3.30,vrata,2.18,dvere,2.91,puerta,2.52,dörr,2.05,kapı
dress,noun,,,2.90,vestit,2.13,kjole,3.18,jurk,2.85,dress,1.61,mekko,2.90,KLeid,,,2.43,simla,3.00,ruha,2.70,kjóll,2.45,gúna,4.15,ilokhwe,4.20,abito,3.29,suknel_,2.77,Rack,3.08,libsa,,,2.50,______,3.02,dress,3.97,haljina,2.44,_aty,2.82,vestido,2.65,klänning,2.90,elbise
drum,noun,4.91,trom,4.20,tambor,2.87,tromme,3.14,trommel,3.73,drum,3.04,rumpu,2.95,Trommel,4.25,___π___,2.43,tof,3.86,dob,3.87,tromma,4.15,druma,6.32,igubu,4.28,tamburo,4.11,b_gnas,3.27,Trommel,4.38,tanbur,3.94,b_ben,2.94,_______,3.45,drum,5.82,bubanj,3.15,bubon,4.23,tambor,3.35,trumma,3.62,davul
duck,noun,3.24,eend,3.50,ànec,2.13,and,2.55,eend,2.44,duck,3.00,sorsa,2.38,Ente,3.01,π_π__,2.29,barvaz,3.00,kacsa,3.04,önd,2.35,lacha,4.13,idada,3.52,anatra,3.64,antis,2.59,Int,3.79,papra,3.03,kaczka,2.58,____,2.57,duck,3.64,patka,2.30,ka_ka,2.91,pato,2.87,anka ,3.31,ördek
dummy,noun,,,5.50,xumet,1.65,sut,2.86,speen,2.43,dummy,1.06,tutti,1.75,Nuckel,,,1.69,mocec,2.14,cumi,2.48,snu_,6.06,dumaí,3.96,idami,1.92,ciuccio,4.08,_iulptukas,2.26,Suckel,2.64,ga_a_a,,,1.81,_____,2.10,dummy,2.48,cucla,1.33,cumlík,2.53,chupete,1.70,napp,2.43,emzik
ear,noun,2.57,oor,2.50,orella,1.91,øre,2.00,oor,2.34,ear,1.33,korva,2.00,Ohr,2.53,____,2.05,ozen,2.62,fül,2.17,eyra,2.00,cluas,4.50,indlebe,2.56,orecchio,2.54,ausis,2.11,Ouer,2.93,widna,2.38,ucho,1.76,___,2.14,ear,3.00,uvo,1.88,ucho,2.55,oreja,1.91,öra,1.92,kulak
elephant,noun,3.65,olifant,3.45,elefant,2.78,elefant,3.23,olifant,3.44,elephant,2.67,norsu,2.86,Elefant,3.62,_________,2.29,pil,3.57,elefánt,3.78,fíll,3.65,eilifint,4.74,indlovu,3.08,elefante,3.71,dramblys,3.09,Elefant,3.64,iljunfant,3.25,s_o_,2.78,____,3.07,elephant,3.82,slon,3.33,slon,3.45,elefante,3.04,elefant,3.62,fil
envelope,noun,4.76,koevert,4.55,sobre,4.78,konvolut,5.41,envelop,5.08,envelope,3.29,kirjekuori,5.05,Briefumschlag,4.73,_______,4.43,ma'atafa,3.71,levél,5.30,umslag,5.00,clúdach litreach,6.78,imvulophu,4.12,busta,5.18,vokas,4.77,Enveloppe,5.15,envelop,4.50,koperta,4.17,_______,5.00,envelope,5.79,koverta,4.91,obálka,4.55,sobre,4.30,kuvert,4.92,zarf
eye,noun,2.68,oog,2.25,ull,2.13,øje,2.05,oog,2.35,eye,1.25,silmä,2.00,Auge,2.26,____,1.88,ayin,2.52,szem,2.09,auga,2.00,súil,6.19,ilihlo,2.32,occhio,2.46,akis,2.45,An,3.42,g_ajn,2.38,oko,1.68,____,2.14,eye,2.88,oko,1.73,oko,2.27,ojo,1.87,öga,1.92,göz
feather,noun,3.86,veer,4.45,ploma,2.87,fjer,3.59,veer,4.07,feather,3.38,sulka,3.52,Feder,3.86,_____,4.10,noca,4.10,toll,4.13,fjö_ur,3.55,cleite,5.15,usiba,4.12,piuma,4.15,plunksna,3.59,Fieder,4.69,rixa,3.75,piórko,3.92,____,3.40,feather,5.45,pero,4.24,pierko,4.95,pluma,3.74,fjäder,4.08,tüy
fish,noun,3.05,vis,2.85,peix,2.22,fisk,2.36,vis,2.45,fish,1.71,kala,2.48,Fisch,2.91,____,2.10,dag,3.43,hal,2.61,fiskur,2.45,iasc,5.88,intlanzi,2.60,pesce,3.18,_uvis,2.64,Fësch,3.42,_uta,2.94,ryba,2.39,____,2.61,fish,3.76,riba,2.61,ryba,3.41,pescado,2.43,fisk,2.49,balık
flag,noun,4.46,vlag,5.20,bandera,2.96,flag,3.82,vlag,4.38,flag,2.50,lippu,3.62,Fahne,4.16,______,3.29,degel,3.76,zászló,3.52,fáni,4.45,brat,5.52,iflegi,4.24,bandiera,4.82,v_liava,4.32,Fändel,4.75,bandiera,4.84,flaga,4.03,____,3.98,flag,5.55,zastava,5.85,vlajka,5.09,bandera,3.48,flagga,3.82,bayrak
flower,noun,2.76,blom,2.65,flor,2.48,blomst,2.23,bloem,2.75,flower,1.39,kukka,1.90,Blume,2.44,________,2.24,perax,2.76,virág,2.35,blóm,2.40,bláth,4.48,iflawa,2.20,fiore,2.75,g_l_,2.43,Blumm,3.18,fjura,2.47,kwiatek,2.06,______,2.48,flower,2.97,cvet,1.91,kvet,2.68,flor,2.22,blomma,2.31,çiçek
fly,noun,,,3.25,mosca,2.39,flue,3.00,vlieg,3.16,fly,1.94,kärpänen,3.05,Fliege,,,3.05,zvuv,3.14,légy,2.57,fluga,4.15,cuileóg,3.96,impukane,3.12,mosca,2.89,mus_,2.30,Méck,4.00,dubbiena,,,2.36,____,2.66,fly,3.70,muva,2.22,mucha,3.88,mosca,2.35,fluga,3.05,sinek
fork,noun,2.97,vurk,2.60,forquilla,2.17,gaffel,2.64,vork,2.79,fork,2.00,haarukka,2.57,Gabel,2.85,π______,2.57,mazleg,3.24,villa,2.57,gaffall,2.30,forc,4.45,ifolokhwe,2.96,forchetta,3.32,_akut_,2.57,Forschette,3.53,furketta,3.06,widelec,2.58,_____,2.86,fork,3.67,vilju_ka,2.79,vidli_ka,3.00,tenedor,2.96,gaffel,2.26,çatal
frog,noun,3.35,padda,3.60,granota,2.68,frø,3.14,kikker,2.85,frog,2.38,sammakko,2.76,Frosch,3.32,________,2.86,cfarde'a,2.90,béka,4.05,froskur,2.55,frog,4.65,isele,2.96,rana,3.00,varl_,2.91,Fräsch,4.91,_rin_,3.03,_aba,2.64,_______,2.98,frog,4.03,_aba,2.45,_aba,3.41,rana,2.74,groda,3.49,kurba_a
frying pan,noun,,,4.10,paella,3.57,stegepande,4.68,koekenpan,5.19,frying pan,2.72,paistinpannu,3.25,Pfanne,,,3.71,maxvat,5.05,serpeny_,4.09,panna,4.95,friochtán,6.91,ipani yokugcada,4.44,padella,3.89,keptuv_,3.27,Pan,4.55,ta_en,,,3.61,_________,4.00,pan,4.73,tiganj,4.00,panvica,4.71,sartén,3.87,stekpanna,4.24,tava
gate,noun,3.27,hek,7.15,tanca,3.43,låge,3.18,hek,3.40,gate,3.13,portti,3.38,Tor,5.43,_______π____,3.76,sha'ar,3.48,kapu,4.17,hli_,2.95,geata,4.83,igeyithi,3.40,cancello,4.11,vartai,3.55,Paart,6.00,kan_ell,4.03,brama,3.47,______,3.38,gate,4.70,kapija,3.61,brána,2.77,puerta,4.39,port ,2.10,kapı
giraffe,noun,4.57,kameelperd,4.10,girafa,2.87,giraf,3.90,giraf,3.89,giraffe,3.17,kirahvi,3.05,Giraffe,4.76,______π______,2.81,jirafa,3.57,zsiráf,4.22,gíraffi,6.89,sioráf,6.29,indlulamthi,3.72,giraffa,4.71,_irafa,3.30,Giraff,4.81,_iraffa,3.56,_yrafa,3.14,_____,3.43,giraffe,4.03,_irafa,3.79,_irafa,3.59,jirafa,3.61,giraff,4.85,zürafa
glass,noun,3.11,glas,2.50,got,2.61,glas,3.09,glas,3.48,glass,1.88,lasi,2.48,Glas,2.58,π_____,2.05,kos,2.48,pohár,2.22,glas,2.45,gloine,4.13,iglasi,2.36,bicchiere,3.71,stiklin_,2.32,Glas,3.30,tazza,3.23,szklanka,2.57,______,3.19,glass,3.18,_a_a,2.27,pohár,2.59,vaso,2.70,glas,2.26,bardak
glasses,noun,3.51,bril,3.70,ulleres,2.96,briller,2.86,bril,3.81,glasses,2.79,silmälasit,2.95,Brille,3.54,______,2.90,mishkafayim,4.14,szemüveg,3.50,gleraugu,4.05,spéaclaí,5.75,izipeksi,3.20,occhiali,3.86,akiniai,2.80,Brëll ,4.23,nu__ali,3.22,okulary,2.94,____,3.56,glasses,4.15,nao_are,3.12,okuliare,3.64,gafas,3.87,glasögon,3.26,gözlük
goat,noun,3.57,bok,3.95,cabra,3.00,ged,3.00,geit,3.38,goat,3.87,vuohi,3.00,Ziege,3.32,_______,3.48,ez,3.81,kecske,4.13,geit,3.55,gabhar,4.52,ibhokhwe,3.76,capra,3.71,o_ys,3.18,Gees,6.69,bodbod,3.59,koza,2.73,____,3.14,goat,3.70,koza,2.73,koza,3.86,cabra,3.65,get,3.79,keçi
guitar,noun,4.70,kitaar,5.00,guitarra,3.45,guitar,4.45,gitaar,4.71,guitar,2.96,kitara,4.33,Gitarre,4.60,______,3.95,gitara,4.76,gitár,4.00,gítar,5.60,giotár,7.09,isiginci,4.52,chitarra,4.96,gitara,3.64,Gittar,4.46,kitarra,4.25,gitara,3.97,______,4.22,guitar,5.09,gitara,4.55,gitara,4.77,guitarra,3.78,gitarr,5.13,gitar
gun,noun,,,5.25,pistola,4.96,revolver,4.95,pistool,4.89,gun,2.78,pyssy,4.48,Pistole,,,5.74,ekdax,4.57,pisztoly,4.13,byssa,3.80,gunna,7.04,umpu,4.00,pistola,5.61,pistoletas,4.45,Revolver,,,,,4.34,________,4.18,gun,5.36,pi_tolj,5.67,revolver,5.71,pistola,4.61,pistol ,4.81,silah
hat,noun,3.14,hoed,3.40,barret,2.57,hat,3.18,hoed,2.45,hat,1.88,hattu,2.90,Hut,3.13,__π___,2.29,kova,4.05,kalap,3.30,hattur,2.35,hata,5.28,umnqwazi,2.76,cappello,4.70,skryb_l_,2.64,Hutt,3.73,kappell,3.94,kapelusz,3.47,_____,3.33,hat,4.42,_e_ir,3.79,klobúk,4.27,sombrero,2.78,hatt,2.74,_apka
heart,noun,3.81,hart,4.20,cor,3.30,hjerte,3.91,hart,3.83,heart,2.88,sydän,3.00,Herz,3.77,______,3.52,lev,3.57,szív,3.45,hjarta,3.10,croí,6.07,intliziyo,3.36,cuore,3.89,_irdis,3.00,Häerz,4.07,qalb,3.31,serce,3.92,______,3.31,heart,3.82,srce,3.39,srdce,4.09,corazón,3.04,hjärta,4.28,kalp
helicopter,noun,4.89,helikopter,6.40,helicòpter,4.43,helikopter,4.55,helicopter,4.33,helicopter,3.13,helikopteri,4.05,Hubschrauber,4.63,_____π____,4.75,helikopter,4.50,helikopter,4.83,_yrla,5.10,héileacaptar,6.04,ipleyini,4.52,elicottero,5.43,mal_nsparnis,3.91,Helikopter,5.14,_elikopter,4.63,helikopter,3.67,________,4.15,helicopter,5.73,helikopter,5.06,vrtu_ník,4.64,helicóptero,4.65,helikopter,4.64,helikopter
Hen,noun,,,3.15,gallina,2.39,høne,2.23,kip,3.40,Hen,2.11,kana,2.29,Huhn,,,2.52,tarnegolet,3.25,tyúk,2.78,hæna,2.85,cearc,5.92,isikhukukazi,2.68,gallina,2.96,vi_ta,2.55,Hong,3.36,ti_ie_a,,,2.33,______,2.83,chicken,3.76,koko_ka,2.22,sliepka,3.47,gallina,3.04,höna,2.43,tavuk
horse,noun,3.22,perd,3.40,cavall,2.22,hest,2.68,paard,2.87,horse,1.78,hevonen,2.67,Pferd,3.28,_____,2.57,sus,3.14,ló,2.83,hestur,2.30,capall,5.14,ihashe,2.84,cavallo,3.00,arklys,2.64,Päerd,3.00,_iemel,2.75,ko_,2.37,______,2.64,horse,3.79,konj,2.91,kô_,3.41,caballo,2.57,häst,2.62,at
house,noun,2.73,huis,2.20,casa,1.83,hus,1.95,huis,2.65,house,1.54,talo,1.90,Haus,2.32,_π___,1.86,bayit,2.57,ház,2.26,hús,2.05,teach,3.96,indlu,2.00,casa,2.61,namas,2.11,Haus,3.38,dar,2.35,dom,1.90,___,2.57,house,3.06,ku_a,1.97,dom,2.45,casa,2.04,hus,2.23,ev
iron,noun,4.16,strykyster,4.10,planxa,4.35,strygejern,5.43,strijkbout,4.63,iron,3.63,silitysrauta,4.33,Bügeleisen,4.29,______,4.29,maghec,4.24,vasaló,4.39,straujárn,4.35,iarann,5.52,iayini,4.56,ferro da stiro,4.36,lygintuvas,3.77,Streckeisen,5.07,_adida tal-mog_dija,4.45,_elazko,3.47,____,3.88,iron,5.24,pegla,4.18,_ehli_ka,5.00,plancha,4.35,strykjärn,3.69,ütü
kangaroo,noun,6.00,kangaroe,,,3.70,kænguru,4.40,kangoeroe,4.68,kangaroo,3.46,kenguru,3.76,Känguru,4.36,________,4.24,kengeru,5.05,kenguru,4.65,kengúra,5.95,cangarú,7.35,ikhangaru,4.28,canguro,5.19,keng_ra,4.45,Känguruh,5.64,kangar_,4.13,kangur,3.97,_______,4.15,kangaroo,5.00,kengur,4.91,klokan,4.77,canguro,4.78,känguru ,5.55,kanguru
key,noun,3.62,sleutel,3.20,clau,3.09,nøgle,3.68,sleutel,3.56,key,2.50,avain,2.57,Schlüssel,3.57,______,3.62,mafte'ax,3.71,kulcs,3.78,lykill,3.25,eochair,4.68,isitshixo,3.16,chiave,3.96,raktas,3.20,Schlëssel,4.25,_avetta,3.34,klucz,3.00,____,2.88,key,4.33,klju_,3.18,k_ú_,3.86,llave,2.96,nyckel,3.44,anahtar
knife,noun,2.95,mes,3.05,ganivet,2.39,kniv,2.36,mes,3.32,knife,2.00,veitsi,2.67,Messer,3.35,_______,2.86,sakin,3.52,kés,2.78,hnífur,2.95,scian,4.20,imela,3.36,coltello,3.50,peilis,2.34,Messer,3.58,sikkina,3.06,nó_,3.08,___,3.02,knife,3.91,no_,2.79,nô_,3.41,cuchillo,2.83,kniv,3.00,bıçak
ladder,noun,4.22,leer,3.15,escala,3.39,stige,3.86,ladder,4.44,ladder,2.92,tikapuut,3.48,Leiter,3.23,_____,3.38,sulam,3.24,létra,3.32,stigi,3.50,dréimire,5.71,ileli,3.00,scala,4.54,kop__ios,3.32,Leeder,4.67,sellum,3.81,drabina,2.72,________,3.78,ladder,5.06,merdevine,4.06,rebrík,3.45,escalera,3.43,stege,2.77,merdiven
lamp,noun,3.76,lamp,2.90,llum,2.83,lampe,2.86,lamp,3.90,lamp,1.35,lamppu,2.43,Lampe,4.72,_________,3.19,menora,3.00,lámpa,3.22,lampi,3.05,lampa,4.13,isibane,4.04,lampada,3.04,lempa,2.57,Lut,4.73,lampa,3.22,lampa,2.39,_____,3.66,lamp,3.88,lampa,2.58,lampa,4.00,lámpara,1.87,lampa ,2.62,lamba
leaf,noun,3.00,blaar,2.95,fulla,3.05,blad,3.41,blad,3.17,leaf,2.21,lehti,2.24,Blatt,3.34,_____,2.62,ale,3.55,levél,4.26,laufbla_,2.95,duilleog,5.17,igqabi,2.84,foglia,3.07,lapas,3.00,Blat,3.67,werqa,3.09,li__,3.06,____,3.05,leaf,3.73,list,3.58,list,3.59,hoja,2.91,löv,3.13,yaprak
leg,noun,2.84,been [English: leg],2.40,cama,2.17,ben,2.41,been,2.29,leg,1.29,jalka,2.19,Bein,2.25,π___,1.93,regel,2.43,láb,4.91,fótleggur,2.05,cos,3.92,umlenze,2.40,gamba,2.36,koja,2.32,Been,6.15,ri_el,2.31,noga,1.81,____,2.19,leg,2.76,noga,1.73,noha,2.82,pierna,2.30,ben,2.54,bacak
lemon,noun,4.05,suurlemoen,3.20,llimona,3.30,citron,4.36,citroen,3.82,lemon,3.08,sitruuna,3.05,Zitrone,3.18,______,2.76,limon,3.67,citrom,4.35,sítróna,7.20,líomóid,5.65,ilemoni,3.20,limone,4.21,citrina,3.23,Zitroun,3.82,lumija,3.59,cytryna,3.22,_____,3.45,lemon,4.33,limun,3.27,citrón,3.32,limón,3.35,citron,3.03,limon
lighter,noun,6.23,aansteker ,6.20,encenedor,4.77,lighter,6.09,aansteker,5.95,lighter,6.00,sytytin,4.48,Feuerzeug,4.87,___π_____,5.35,macit,5.50,öngyújtó,4.91,kveikjari,6.33,lastóir,6.15,ilayitha,5.08,accendino,6.86,_iebtuv_lis,4.95,Briquet,6.41,lajter,5.47,zapalniczka,5.60,_________,5.15,lighter,6.09,upalja_,6.12,zapa_ova_,6.64,mechero,4.96,tändare,3.90,çakmak
lion,noun,3.41,leeu,3.50,lleó,2.83,løve,3.55,leeuw,2.92,lion,2.71,leijona,2.62,Löwe,3.22,________,2.43,arye,3.33,oroszlán,3.30,ljón,3.95,leon,5.83,ingonyama,2.84,leone,3.96,li_tas,3.39,Léiw,4.21,iljun,2.97,lew,3.08,___,2.88,lion,3.91,lav,3.67,lev,3.32,león,3.17,lejon,3.77,aslan
lipstick,noun,5.54,lipstiffie,5.25,pintallavis,4.35,læbestift,4.77,lippenstift,4.93,lipstick,3.71,huulipuna,4.76,Lippenstift,4.27,_______,3.90,odem,4.67,rúzs,4.30,varalitur,8.00,béaldath,7.16,iruji,4.56,rossetto,5.04,l_pda_is,4.33,Lëppestëft,4.55,lipstik,4.97,szminka,4.33,______ ______,3.78,lipstick,4.88,karmin,4.61,rú_,5.45,pintalabios,4.83,läppstift,4.82,ruj
match,noun,3.84,vuurhoutjie,6.35,llumí,3.96,tændstik,4.45,lucifer,4.81,match,3.08,tulitikku,4.19,Streichholz,4.25,_π____,3.71,gafrur,4.24,gyufa,4.26,eldsp_ta,6.60,lasán,5.55,umcinga womatshisi,4.96,fiammifero,4.18,degtukas,3.82,Fixfeier,4.42,sulfarina,3.88,zapa_ka,3.44,______,4.05,match,5.21,_ibica,4.24,zápalka,5.14,cerilla,3.91,tändsticka,3.54,kibrit
monkey,noun,3.16,apie,4.00,mico,2.48,abe,2.73,aap,2.97,monkey,2.54,apina,2.67,Affe,3.96,π______,2.50,kof,3.19,majom,3.35,api,3.65,moncaí,4.83,inkawu,2.96,scimmia,4.75,be_d_ion_,3.00,Af,3.10,xadina,3.38,ma_pa,3.17,________,2.88,monkey,3.82,majmun,3.52,opica,3.55,mono,2.57,apa,3.72,maymun
moon,noun,2.92,maan,2.65,lluna,2.83,måne,2.27,maan,2.71,moon,1.83,kuu,2.00,Mond,3.29,_______,2.67,yare'ax,3.33,hold,3.04,tungl,3.40,gealach,5.57,inyanga,2.72,luna,3.21,m_nulis,2.93,Mound,3.38,qamar,3.22,ksi__yc,2.69,____,2.83,moon,3.82,mesec,2.97,mesiac,3.23,luna,2.70,måne,2.74,ay
motorbike,noun,,,5.10,moto,3.91,motorcykel,4.53,moter,4.69,motorbike,2.67,moottoripyörä,3.90,Motorrad,,,3.43,ofano'a,4.19,motor,4.65,mótorhjól,6.10,gluaisrothar,5.36,isikuta,3.00,moto,4.64,motociklas,3.68,Moto,4.07,mutur,,,3.94,________,4.26,motorbike,5.15,motor,3.44,motorka,5.13,motocicleta,4.57,motorcykel,4.33,motosiklet
mouse,noun,3.38,muis,3.30,ratolí,2.17,mus,2.59,muis,2.91,mouse,1.92,hiiri,2.00,Maus,3.21,π_______,2.52,axbar,3.14,egér,2.74,mús,2.35,luch,4.84,impuku,2.88,topo,3.00,pel_,2.59,Maus,3.87,_urdien,3.13,mysz,2.53,____,2.90,mouse,3.58,mi_,2.61,my_,3.45,ratón,3.09,mus ,3.00,fare
mushroom,noun,4.70,sampioen,4.30,bolet,4.74,champignon,5.64,champignon,4.69,mushroom,2.67,sieni,3.33,Pilz,4.66,________,3.76,pitriya,3.90,gomba,5.13,sveppur,5.70,muisiriún,6.52,ikhowa,3.64,fungo,3.68,grybas,3.41,Champignon,7.75,faqqieg_,4.22,pieczarka,2.86,____,3.78,mushroom,4.70,pe_urka,4.36,huba,5.11,seta,3.48,svamp,4.69,mantar
needle,noun,4.11,naald,3.95,agulla,3.17,nål,4.64,naald,5.06,needle,2.83,neula,4.14,Nadel,5.16,______,4.14,maxat,4.38,t_,3.96,nál,4.40,snáthaid,5.25,inaliti,4.32,ago,3.93,adata,3.39,Nol,4.65,labra,4.00,ig_a,3.64,______,4.05,needle,4.48,igla,4.00,ihla,4.32,aguja,3.65,nål,5.23,diki_ i_nesi
nest,noun,3.73,nes,3.65,niu,3.13,rede,3.86,nest,3.83,nest,2.71,pesä,3.10,Nest,4.22,_____,3.52,ken,4.19,fészek,4.22,hrei_ur,3.15,nead,6.38,indlu yentaka,3.80,nido,4.39,lizdas,3.27,Nascht,5.45,bejta,4.41,gniazdo,3.67,______,3.51,nest,4.73,gnezdo,3.91,hniezdo,4.41,nido,4.26,fågelbo,4.85,ku_ yuvası
newspaper,noun,,,4.40,diari,3.00,avis,3.91,krant,4.76,newspaper,3.06,sanomalehti,3.76,Zeitung,,,3.75,iton,4.19,újság,5.26,dagbla_,5.35,nuachtán,4.21,iphepha,4.36,giornale,4.11,laikra_tis,3.41,Zeitung,4.91,gazzetta,,,3.47,______,4.12,newspaper,4.61,novine,4.00,noviny,5.06,periódico,3.30,tidning,3.62,gazete
nose,noun,2.57,neus,2.20,nas,2.17,næse,2.14,neus,2.26,nose,1.29,nenä,1.62,Nase,2.37,____,1.86,af,2.52,orr,1.83,nef,2.05,srón,4.04,impumlo,2.12,naso,2.39,nosis,2.16,Nues,3.17,mnie_er,2.29,nos,1.65,___,1.98,nose,2.70,nos,1.76,nos,2.68,nariz,1.83,näsa,1.87,burun
onion,noun,3.89,ui,3.60,ceba,3.30,løg,4.00,ui,4.33,onion,2.63,sipuli,3.67,Zwiebel,4.26,________,3.52,bacal,4.00,hagyma,4.39,laukur,2.90,oinniún,4.85,itswele,3.88,cipolla,3.79,svog_nas,3.61,Ënn,4.77,basla,3.50,cebula,2.67,___,3.90,onion,4.27,luk,3.45,cibu_a,4.32,cebolla,3.04,lök,3.44,so_an
orange,noun,3.11,lemoen,2.80,taronja,2.52,appelsin,3.55,sinaasappel,2.89,orange,2.29,appelsiini,3.05,Orange,3.00,π________,2.50,tapuz,3.90,narancs,2.91,appelsína,2.60,oráiste,4.82,iorenji,2.92,arancia,4.14,apelsinas,2.50,Orange,3.36,larin_a,3.28,pomara_cza,3.03,________,2.81,orange,3.91,narand_a,3.30,pomaran_,2.82,naranja,2.74,apelsin,2.72,portakal
owl,noun,3.89,uil,4.25,mussol,3.26,ugle,3.86,uil,3.48,owl,2.67,pöllö,3.57,Eule,3.77,___________,4.48,yanshuf,3.57,bagoly,4.04,ugla,7.21,ulcabhán,8.04,isikhova,4.40,gufo,4.18,pel_da,3.86,Eil,5.83,kokka,3.50,sowa,3.25,____,3.71,owl,4.76,sova,3.21,sova,4.55,búho,3.70,uggla,5.44,bayku_
paintbrush,noun,4.32,kwas,4.50,pinzell,3.43,pensel,3.82,kwast,3.94,paintbrush,3.25,pensseli,3.43,Pinsel,3.94,π_____,4.14,mikxol,4.14,ecset,4.61,pensill,4.80,scuab phéinte,6.11,ibrashi yokupeyinta,3.84,pennello,4.43,teptukas,3.36,Pinsel,5.10,pinzell,3.69,p_dzel,3.61,________,3.69,paintbrush,3.97,_etkica,4.03,_tetec,5.48,brocha,3.17,pensel,5.00,resim fırçası
pear,noun,3.11,peer,2.85,pera,2.52,pære,2.77,peer,3.67,pear,2.79,päärynä,2.90,Birne,3.23,______,2.81,agas,3.29,körte,3.70,pera,6.53,piorra,4.68,ipere,2.52,pera,3.61,kriau__,4.27,Bir,4.00,lan_asa,3.19,gruszka,2.78,_____,3.43,pear,3.73,kru_ka,2.82,hru_ka,2.91,pera,2.70,päron,2.87,armut
pen,noun,3.38,pen,5.25,bolígraf,3.74,kuglepen,2.82,pen,3.14,pen,1.92,kynä,2.29,Stift,4.09,_____,3.62,et,3.90,toll,3.48,penni,3.30,peann ,5.60,ipeni,3.44,penna,5.63,ra_iklis,3.36,Bic,4.94,bajrow,3.88,d_ugopis,3.08,_____,3.39,pen,4.70,hemijska olovka,3.67,pero,4.67,bolígrafo,4.17,bläckpenna ,5.69,tükenmez kalem
pencil,noun,3.62,potlood,3.15,llapis,2.91,blyant,3.09,potlood,3.27,pencil,3.67,lyijykynä,3.33,Bleistift,3.18,______,3.33,iparon,3.33,ceruza,3.70,bl_antur,3.40,peann luaidhe,4.88,ipensile,3.20,matita,3.64,pie_tukas,3.27,Bläistëft,3.67,lapes,3.59,o_ówek,2.69,________,3.50,pencil,3.67,olovka,3.06,ceruzka,3.27,lápiz,2.87,penna,4.33,kur_un kalem
penguin,noun,4.73,pikkewyn,4.20,pingüí,3.65,pingvin,4.95,pinguïn,3.97,penguin,3.46,pingviini,3.33,Pinguin,4.12,π_________,3.90,pingwin,4.10,pingvin,4.87,mörgæs,6.94,piongain,5.80,iphengwini,3.80,pinguino,4.89,pingvinas,3.95,Pinguin,4.55,pingwin,4.16,pingwin,4.19,_______,3.73,penguin,4.79,pingvin,5.09,tu_niak,4.64,pingüino,4.00,pingvin,5.56,penguen
pineapple,noun,,,3.75,pinya,4.00,ananas,5.05,ananas,4.77,pineapple,3.22,ananas,4.25,Ananas,,,4.55,ananas,4.71,ananász,5.39,ananas,6.37,anann,4.88,ipayinapile,4.68,ananas,5.15,ananasas,3.77,Ananas,5.62,pineapple,,,4.69,______,4.12,pineapple,5.12,ananas,4.78,ananás,4.18,piña,3.83,ananas,9.05,ananas
pizza,noun,6.30,pizza,8.50,pizza,5.35,pizza,5.00,pizza,3.95,pizza,5.26,pitsa,4.00,Pizza,4.50,π____,3.31,pica,9.14,pizza,9.17,pizza,7.21,pizza,7.05,i-pizza,3.16,pizza,8.96,pica,4.84,Pizza,6.00,pizza,5.00,pizza,8.57,_____,5.74,pizza,5.70,pica,7.91,pizza,5.95,pizza,6.52,pizza,6.62,pizza
postman,noun,4.51,posman,4.40,carter,3.39,postbud,4.36,postbode,3.81,postman,3.75,postinkantaja,4.43,Postbote,4.85,__________,4.38,davar,4.00,postás,3.96,póstur,2.90,fear an phoist,6.42,unoposi,4.28,postino,4.86,pa_tininkas,3.57,Bréifdréier,6.08,pustier,4.10,listonosz,3.94,_________,3.93,postman,5.45,po_tar,4.21,po_tár,5.05,cartero,4.52,brevbärare,4.23,postacı
rabbit,noun,3.43,haas,3.15,conill,2.52,kanin,2.73,konijn,2.63,rabbit,2.79,kani,2.10,Hase,3.03,_____,2.52,arnav,3.24,nyúl,4.00,kanína,2.45,coinín,6.75,umvundla,2.76,coniglio,2.79,zuikis,3.14,Kanéngchen,3.46,fenek,3.38,królik,2.88,______,2.95,rabbit,3.52,zec,2.67,zajac,3.09,conejo,2.83,kanin ,2.79,tav_an
racket,noun,5.00,raket,4.70,raqueta,5.00,ketcher,5.55,tennisracket,5.10,racket,4.33,tennismaila,4.40,Schläger,5.66,______,5.88,maxbet tenis,5.38,teniszüt_,6.22,tennisspa_i,4.60,raicéad,7.00,intonga yentenetya,4.92,racchetta,5.50,raket_,4.67,Raquette,8.25,racket,4.66,rakieta,5.09,_______,5.18,racquet,5.42,reket,5.42,raketa,5.00,raqueta,5.09,racket ,5.77,raket
rainbow,noun,,,4.90,arc de Sant Martí,3.96,regnbue,4.09,regenboog,3.45,rainbow,2.72,sateenkaari,3.67,Regenbogen,,,3.57,keshet,4.67,szivárvány,3.78,regnbogi,6.15,bogha báistí ,8.70,iminyama,3.92,arcobaleno,4.32,vaivoryk_t_,3.77,Reebou,5.55,qawsalla,,,3.25,______,3.31,rainbow,4.61,duga,3.00,dúha,4.06,arcoiris,3.57,regnbåge,4.19,gökku_a_ı
roof,noun,3.08,dak,4.00,teulada,2.91,tag,3.23,dak,3.81,roof,2.17,katto,2.90,Dach,5.21,_____,3.10,gag,3.86,tet_,3.70,_ak,3.85,díon,5.87,uphahla,3.40,tetto,3.64,stogas,2.91,Dach,4.07,bejt,3.55,dach,3.06,_____,3.45,roof,4.55,krov,3.85,strecha,4.64,tejado,3.09,tak,4.33,çatı
ruler,noun,5.05,liniaal,4.70,regle,4.35,lineal,5.05,liniaal,4.23,ruler,4.58,viivotin,4.71,Lineal,4.63,_______,4.33,sargel,5.57,vonalzó,5.13,reglustika,4.53,rialóir,5.43,irula,4.52,righello,5.07,liniuot_,4.14,Lineal,4.47,riga,5.03,linijka,4.50,_______,4.44,ruler,5.27,lenjir,5.39,pravítko,5.00,regla,4.26,linjal,5.26,cetvel
sandwich,noun,3.84,toebroodjie,5.75,entrepà,4.73,sandwich,2.64,boterham,3.30,sandwich,2.00,voileipä,6.38,Sandwich,4.90,_________,3.76,sendvich,4.62,szendvics,4.61,samloka,4.00,ceapaire,6.88,isandwishi,2.96,panino,4.63,sumu_tinis,2.27,Schmier,3.71,sandwich,3.25,kanapka,3.19,_________,3.31,sandwich,4.15,sendvi_,4.82,oblo_en_ chlieb,5.82,sandwich,2.52,smörgås ,5.63,sandviç
saw,noun,4.22,saag,4.80,serra,3.13,sav,4.18,zaag,4.39,saw,2.88,saha,4.00,Säge,5.29,π_____,4.24,masor,4.48,f_rész,4.35,sög,4.05,sábh,6.24,isarha,4.88,sega,4.57,pj_klas,3.86,See,5.91,serrieq,5.06,pi_a,4.06,____,4.85,saw,5.15,testera,5.09,píla,6.71,serrucho,3.87,såg,5.59,testere
scale,noun,5.05,skaal,5.10,balança,4.26,vægt,4.41,weegschaal,5.29,scale,4.33,vaaka,4.19,Waage,4.59,_______,4.58,mishkal,4.62,mérleg,5.17,vigt,5.80,scála,6.84,isikali,4.60,bilancia,5.25,svarstykl_s,4.00,Wo,5.38,mi_ien,4.34,waga,4.14,____,4.78,scale,5.94,vaga,4.64,váha,6.59,báscula,4.39,våg,4.56,tartı
scarf,noun,,,3.30,bufanda,3.50,halstørklæde,3.73,sjaal,3.69,scarf,2.33,kaulaliina,3.00,Schal,,,3.81,ca'if,2.90,sál,3.22,trefill,3.55,scairf,5.84,isikhafu,3.60,sciarpa,3.46,_alikas,2.95,Schal,5.08,xalla,,,2.67,____,4.20,scarf,4.18,_al,2.67,_ál,4.06,bufanda,3.26,halsduk,3.76,atkı
scissors,noun,3.62,skêr,3.90,tisores,2.83,saks,3.36,schaar,3.88,scissors,2.38,sakset,2.52,Schere,3.94,______,3.10,misparayim,3.62,olló,3.48,skæri,3.90,siosúr,5.33,isikere,3.48,forbici,3.64,_irkl_s,3.23,Schéier,4.67,mqass,3.66,no_yczki,3.28,_______,3.55,scissors,4.42,makaze,3.45,no_nice,3.55,tijeras,2.57,sax,3.26,makas
sewing machine,noun,5.53,naaimasjien,4.50,màquina de cosir,4.09,symaskine,5.41,naaimachine,6.06,sewing machine,3.29,ompelukone,4.52,Nähmaschine,5.29,__π________,4.63,mexonat tfira,4.95,varrógép,3.78,saumavél,7.21,inneall fuála,6.96,umashini wokuthunga,5.20,macchina da cucire,4.50,siuvimo ma_ina,4.32,Bitzmaschinn,5.06,magna tal-_jata,4.63,maszyna do szycia,4.31,_______ ______,4.61,sewing machine,6.15,_iva_a ma_ina,4.39,_ijací stroj,5.45,máquina de coser,3.96,symaskin,4.72,diki_ makinası
shirt,noun,2.95,hemp,3.40,camisa,3.57,skjorte,5.41,overhemd,3.64,shirt,1.38,paita,3.57,Hemd,4.07,π________,2.38,xulca,4.14,ing,4.17,skyrta,2.95,léine,5.19,ishethi,3.76,camicia,4.14,mar_kiniai,3.68,Hiem,4.50,qmis,3.97,koszula,2.92,_______,3.12,shirt,4.76,ko_ulja,3.76,ko_e_a,3.64,camisa,3.87,skjorta,3.56,gömlek
shoe,noun,2.73,skoen,2.45,sabata,2.04,sko,2.32,schoen,2.39,shoe,1.33,kenkä,2.00,Schuh,2.47,π_π_____,2.19,na'al ,2.76,cip_,2.09,skór,1.95,bróg,4.23,isihlangu,2.40,scarpa,2.46,batas,2.41,Schong,3.57,_arbuna,2.32,but,2.96,_____,2.31,shoe,3.58,cipela,2.06,topánka,2.59,zapato,2.39,sko,2.03,ayakkabı
slide,noun,4.08,glyplank,3.55,tobogan,3.26,rutchebane,3.05,glijbaan,2.77,slide,2.46,liukumäki,2.29,Rutsche,3.34,_________,2.31,maglesha,3.95,csúszda,3.22,rennibraut,4.74,sleamhnán,8.70,isilayidi,2.76,scivolo,4.75,_iuo_ykla,2.84,Rutschban,3.92,_ur_ieqa,3.44,zje_d_alnia,2.66,_____,3.07,slide,4.09,tobogan,2.79,_m_ka_ka,3.24,tobogán,3.48,rutschkana,3.31,kaydırak
snail,noun,3.41,slak,2.90,cargol,2.65,snegl,3.41,slak,3.22,snail,2.33,etana,2.38,Schnecke,3.78,_________,3.10,xilazon,3.24,csiga,4.30,snigill,3.25,seilide,8.05,inkumba,4.68,chiocciola,4.29,sraig_,2.73,Schleek,3.00,bebbuxu,3.16,_limak,3.36,______,3.00,snail,4.27,pu_,2.61,slimák,3.27,caracol,2.78,snigel,5.00,salyangoz
snake,noun,,,3.95,serp,3.00,slange,3.36,slang,3.50,snake,2.17,käärme,3.00,Schlange,,,2.81,naxash,3.80,kígyó,4.30,slanga,4.67,nathair,5.24,inyoka,3.48,serpente,3.79,gyvat_,3.59,Schlaang,4.00,serp,,,3.53,____,3.19,snake,4.24,zmija,2.44,had,5.94,víbora,3.04,orm,3.71,yılan
snowman,noun,4.69,sneeuman,4.80,ninot de neu,2.96,snemand,3.86,sneeuwpop,3.14,snowman,2.13,lumiukko,2.76,Schneemann,4.44,_________π__,4.95,ish sheleg,3.19,hóember,3.04,snjókarl,3.10,fear sneachta,7.95,umntu wekhephu,3.44,pupazzo di neve,3.50,senis-besmegenis,2.73,Schnéimännchen,4.17,snowman,2.94,ba_wan,2.72,________,4.36,snowman,3.45,sne_ko beli_,2.64,snehuliak,4.91,muñeco de nieve,2.96,snögubbe,3.45,kardan adam
sock,noun,2.81,sokkie,2.70,mitjons,2.04,sok,2.09,sok,2.44,sock,1.50,sukka,2.24,Socke,3.24,______,2.33,gerev,2.52,zokni,2.13,sokkur,2.20,stoca,4.78,ikawusi,3.20,calzino,3.25,kojin_,2.77,Strëmp,3.38,kalzetta,2.84,skarpetka,2.32,_____,2.55,sock,3.42,_arapa,2.55,pono_ka,3.05,calcetín,2.65,strumpa ,2.31,çorap
sofa,noun,3.50,bank,3.70,sofà,2.52,sofa,2.86,bank,3.38,sofa,2.13,sohva,2.57,Sofa,3.26,____π__,2.65,sapa,6.90,kanapé,2.96,sófi,5.21,tolg,4.68,isofa,3.12,divano,3.54,sofa,3.23,Canapé,4.00,sufan,3.63,kanapa,2.37,_____,4.81,couch,4.94,sofa,3.58,gau_,3.73,sillón,2.61,soffa,4.41,kanape
spoon,noun,2.81,lepel,2.35,cullera,1.87,ske,2.09,lepel,2.36,spoon,1.29,lusikka,1.90,Löffel,2.69,_______,2.10,kaf,2.62,kanál,2.26,skei_,2.11,spúnóg,3.42,icephe,2.52,cucchiaio,2.50,_auk_tas,2.32,Läffel,4.00,mg_arfa,2.47,_y_ka,1.80,_____,2.31,spoon,3.39,ka_ika,2.21,ly_ica,2.59,cuchara,2.26,sked,2.21,ka_ık
squirrel,noun,4.62,eekhoring,4.70,esquirol,3.22,egern,4.36,eekhoorn,3.82,squirrel,2.04,orava,3.43,Eichhörnchen,4.15,________,4.38,sna'i,3.38,mókus,4.70,íkorni,5.45,iora rua,10.26,unomatse,3.92,scoiattolo,4.07,vover_,3.14,Kaweechelchen,5.27,squirrel,3.66,wiewiórka,2.81,_____,3.86,squirrel,4.36,veverica,3.64,veveri_ka,4.14,ardilla,2.83,ekorre,4.54,sincap
stairs,noun,,,3.15,escala,2.39,trappe,2.73,trap,2.90,stairs,2.22,portaat,2.29,Treppe,,,3.21,madregot,3.33,lépcs_,3.00,stigi,3.10,staighre,6.16,izitepsi,3.04,scala,3.39,laiptai,2.45,Trap,3.29,tara_,,,2.81,________,3.36,stairs,4.00,stepenice,2.56,schody,3.71,escalera,2.87,trappa ,3.00,merdiven
star,noun,3.03,ster,3.00,estrella,3.17,stjerne,3.05,ster,2.84,star,1.96,tähti,2.67,Stern,2.97,______,2.90,koxav,3.65,csillag,3.26,stjarna,3.00,réalta,5.58,inkwekhwezi,2.88,stella,3.79,_vaig_d_,2.95,Stär,3.30,stilla,3.44,gwiazda,3.03,______,2.88,star,4.12,zvezda,3.00,hviezda,4.14,estrella,3.13,stjärna,3.21,yıldız
stool,noun,2.92,stoel,4.05,tamboret,4.22,taburet,4.32,kruk,4.19,stool,3.04,jakkara,3.24,Hocker,4.71,____π_,3.71,shrafraf,2.86,szék,4.30,kollur,3.05,stól,3.95,isitulo,4.72,sgabello,2.64,k_d_,4.66,Hocker,5.13,banketta,3.74,sto_ek,3.23,_________,3.95,stool,3.30,stolica,2.39,stoli_ka,4.50,banco,3.43,pall,4.69,tabure
strawberry,noun,4.11,aarbei,3.35,maduixa,2.61,jordbær,3.27,aardbei,3.68,strawberry,1.83,mansikka,2.52,Erdbeere,3.64,_______,2.33,tut,3.33,eper,5.00,jar_arber,4.20,sú talún,5.76,iqunube,2.80,fragola,3.14,bra_k_,2.68,Äerdbier,4.00,frawla,3.13,truskawka,2.64,________,3.48,strawberry,3.82,jagoda,3.00,jahoda,3.09,fresa,2.74,jordgubbe,2.92,çilek
sun,noun,2.70,son,2.45,sol,2.22,sol,2.36,zon,2.38,sun,1.33,aurinko,1.90,Sonne,2.56,_____,1.95,shemesh,2.62,nap,2.13,sól,2.30,grian,4.00,ilanga,2.24,sole,2.50,saul_,2.34,Sonn,2.82,xemx,2.66,s_o_ce,1.97,______,2.26,sun,3.12,sunce,1.91,slnko,2.36,sol,2.17,sol,2.44,güne_
sunglasses,noun,4.92,sonbril,5.85,ulleres de sol,3.61,solbriller,4.64,zonnebril,4.66,sunglasses,3.58,aurinkolasit,4.43,Sonnenbrille,4.58,______ _____,4.10,mishkafey shemesh,3.90,napszemüveg,4.55,sólgleraugu,5.55,spéaclaí gréine,6.00,amazaza,4.36,occhiali da sole,4.25,akiniai,4.09,Sonnebrëll,5.42,nu__ali tax-xemx,5.13,okulary przeciws_oneczne,4.50,_________ ____,4.24,sunglasses,5.03,nao_are za sunce,4.70,slne_né okuliare,5.45,gafas de sol,4.39,solglasögon,5.46,güne_ gözlü_ü
sweater,noun,,,3.15,jersei,2.48,trøje,2.77,trui,4.93,sweater,2.06,(villa)pusero,2.81,Pullover,,,2.81,sveder,3.62,pulóver,2.78,peysa,3.00,geansaí,3.83,ijezi,3.84,maglione,3.79,megztinis,2.55,Pullover,3.92,flokk,,,3.81,______,4.56,jersey,4.12,d_emper,3.78,pulóver,3.56,jersey,2.43,tröja ,3.14,kazak
swing,noun,3.38,swaai,4.50,gronxador,2.30,gynge,3.14,schommel,2.95,swing,2.04,keinu,2.05,Schaukel,2.84,______,2.24,nadneda,2.90,hinta,2.43,róla,5.11,luascán,4.46,ujingi,2.96,altalena,3.57,supyn_s,2.45,Klunsch,3.64,bandla,3.09,hu_tawka,2.28,______,2.71,swing,3.64,ljulja_ka,2.52,hojda_ka,2.91,columpio,2.83,gunga,2.79,salıncak
tail,noun,3.22,stert,3.05,cua,2.74,hale,2.82,staart,3.10,tail,2.21,häntä,2.90,Schwanz,3.67,____,2.76,zanav,4.05,farok,3.87,rófa,2.85,eireaball,4.61,umsila,3.12,coda,3.39,uodega,2.86,Schwanz,4.71,denb,3.06,ogon,2.72,_____,2.81,tail,3.76,rep,3.06,chvost,4.27,cola,2.43,svans,3.59,kuyruk
tank,noun,4.78,tenk,6.15,tanc,4.87,tank,6.05,tank,4.64,tank,5.25,panssarivaunu,5.05,Panzer,5.86,____,4.50,tank,6.14,tank,6.22,skri_dreki,5.40,tanc,5.71,itanki,5.76,carro armato,4.54,tankas,4.82,Panzer,6.50,tank tal-gwerra,4.69,czo_g,4.31,____,5.40,tank,5.47,tenk,5.31,tank,6.41,tanque,5.87,tank,6.13,tank
telephone,noun,3.43,telefoon,4.90,telèfon,3.00,telefon,3.41,telefoon,3.56,telephone,1.96,puhelin,2.90,Telefon,3.04,________,3.20,telefon,3.62,telefon,2.91,sími,4.85,teileafón,5.36,ifowuni,2.96,telefono,4.18,telefonas,2.70,Telefon,3.86,telefown,3.56,telefon,3.00,_______,3.45,telephone,4.36,telefon,3.24,telefón,3.68,teléfono,3.00,telefon,3.49,telefon
television,noun,,,5.55,televisor,2.87,fjernsyn,3.27,televisie,3.37,television,1.89,televisio,3.48,Fernseher,,,2.53,televizya,3.52,tv (tévé),4.87,sjónvarp,3.75,teilifís,5.52,ithivi,3.12,televisione,3.79,televizorius,3.43,Fernseh,3.72,televixin,,,2.77,_________,4.93,television,3.79,televizor,2.78,televízor,3.12,tele,3.17,tv,3.10,televizyon
tennis ball,noun,4.24,tennisbal,6.00,pilota de tennis,4.52,tennisbold,5.14,tennisbal,4.81,tennis ball,4.33,tennispallo,4.50,Tennisball,5.55,_π_____ ___ _____,4.60,kadur tenis,5.62,teniszlabda,5.65,tennisbolti,4.85,liathróid leadóige,6.52,ibhola yetenesi,5.08,palla da tennis,6.39,teniso kamuoliukas,4.77,Tennisball,5.07,ballun tat-tenis,5.25,pi_ka tenisowa,5.14,_________ _____,4.24,tennis ball,2.76,lopta,6.09,tenisová lopti_ka,5.36,pelota de tenis,4.39,tennisboll,6.26,tenis topu
thermometer,noun,6.16,termometer,4.85,termòmetre,4.39,termometer,5.55,thermometer,6.34,thermometer,3.92,lämpömittari,4.90,Thermometer,4.50,__________,4.29,madxom,4.10,h_mér_,4.43,hitamælir,5.63,teirmiméadar,7.91,ithemomitha,4.32,termometro,4.79,termometras,4.18,Thermometer,5.75,termometru,4.22,termometr,4.44,_________,5.46,thermometer,6.12,termometar,4.00,teplomer,5.00,termómetro,4.22,termometer,6.05,termometre
tie,noun,4.30,das,4.80,corbata,4.30,slips,5.36,stropdas,4.22,tie,4.63,solmio,5.10,Krawatte,4.97,_______,4.26,aniva,5.10,nyakkend_,4.22,bindi,4.68,carbhat,6.31,iqhina,5.00,cravatta,5.93,kaklarai_tis,4.36,Krawatt,5.45,ingravata,4.84,krawat,4.56,_______,4.41,tie,6.15,kravata,5.48,kravata,5.68,corbata,4.41,slips,5.49,kravat
tiger,noun,4.19,tier,4.00,tigre,3.04,tiger,4.09,tijger,3.30,tiger,2.92,tiikeri,3.24,Tiger,3.54,______,2.67,namer,3.90,tigris,4.57,tígrisd_r,4.35,tíogar,6.33,ingwe,3.48,tigre,4.29,tigras,3.59,Tiger,4.00,tigra,3.63,tygrys,3.17,____,3.62,tiger,4.30,tigar,4.00,tiger,3.59,tigre,3.30,tiger,4.54,kaplan
tomato,noun,3.59,tamatie,2.95,tomàquet,2.83,tomat,3.41,tomaat,3.71,tomato,2.04,tomaatti,2.48,Tomate,3.00,_______,2.10,agvaniya,3.33,paradicsom,4.39,tómatur,5.25,tráta,4.43,itumato,2.76,pomodoro,3.75,pomidoras,3.32,Tomat,3.82,tadama,3.09,pomidor,2.56,_______,3.02,tomato,3.94,paradajz,3.27,paradajka,3.14,tomate,2.96,tomat,2.69,domates
toothbrush,noun,3.05,tandeborsel,4.25,raspall de dents,2.65,tandbørste,2.95,tandenborstel,2.90,toothbrush,1.75,hammasharja,2.43,Zahnbürste,3.94,_____________,2.76,mivreshet shinaim,3.38,fogkefe,3.04,tannbursti,3.20,scuab fiacla,4.33,ibhrashi yokuhlamba amazinyo,3.76,spazzolino da denti,3.86,dant_ _epetukas,2.77,Zännbiischt,3.69,toothbrush,3.38,szczoteczka do z_bów,2.76,______ _____,2.55,toothbrush,4.18,_etkica,2.94,zubná kefka,4.00,cepillo de dientes,2.78,tandborste,3.15,di_ fırçası
tractor,noun,4.22,trekker,5.45,tractor,2.57,traktor,3.82,tractor,3.40,tractor,2.21,traktori,3.14,Traktor,4.26,_______,2.67,traktor,3.71,traktor,3.87,traktor,4.35,tarracóir,5.96,itrektara,3.84,trattore,4.21,traktorius,2.55,Trakter,5.09,tractor,3.69,traktor,3.56,_______,3.57,tractor,5.21,traktor,3.58,traktor,4.68,tractor,3.09,traktor,4.46,traktör
tree,noun,,,2.30,arbre,2.17,træ,2.00,boom,2.47,tree,1.22,puu,2.00,Baum,,,2.29,ec,2.67,fa,2.96,tré,2.15,crann,4.00,umthi,2.36,albero,2.71,medis,2.48,Bam,3.07,si_ra,,,1.92,______,2.43,tree,3.24,drvo,1.67,strom,2.88,árbol,2.55,träd,2.43,a_aç
trousers,noun,2.86,broek,2.80,pantalons,2.22,bukser,2.27,broek,3.17,trousers,1.33,housut,2.05,Hose,3.12,π________,2.38,mixnasaim,2.81,nadrág,2.26,buxur,3.89,treabhsar,4.46,ibhulukhwe,2.80,pantaloni,2.89,keln_s,2.27,Box,3.08,qalziet,2.72,spodnie,3.25,_____,4.10,pants,3.73,pantalone,2.39,nohavice,2.82,pantalones,2.52,byxor,2.87,pantolon
truck,noun,4.46,vragmotor,3.75,camió,3.00,lastbil,3.91,vrachtwagen,3.32,truck,2.50,rekka,3.95,LKW,3.91,_______,2.62,masa'it,7.14,kamión,5.09,flutningabíll,3.90,leoraí,5.38,itrakhi,3.68,camion,4.64,sunkve_imis,2.91,Camion,4.38,trakk,3.94,ci__arówka,3.72,________,3.33,truck,4.48,kamion,4.91,kamión,3.59,camión,3.26,lastbil,3.41,kamyon
turtle,noun,3.95,skilpad,3.65,tortuga,3.65,skildpadde,4.43,schildpad,4.23,turtle,3.00,kilpikonna,3.71,Schildkröte,3.42,______,2.48,cav,4.43,tekn_sbéka,4.26,skjaldbaka,5.88,turtar,4.76,ufudo,3.48,tartaruga,4.68,v__lys,3.81,Schildkröt,4.47,fekruna,3.41,_ó_w,3.39,________,3.81,tortoise,4.21,kornja_a,4.25,korytna_ka,3.82,tortuga,4.22,sköldpadda,3.62,kaplumba_a
umbrella,noun,4.16,sambreel,3.70,paraigües,3.52,paraply,3.95,paraplu,4.13,umbrella,2.92,sateenvarjo,3.24,Regenschirm,3.59,__π____,2.76,mitriya,4.00,eserny_,4.57,regnhlíf,5.55,scáth fearthainne,5.92,iambrela,3.28,ombrello,3.79,sk_tis,3.07,Prabbeli,3.70,umbrella,3.59,parasolka,3.22,____,4.00,umbrella,4.55,ki_obran,3.52,dá_dnik,3.86,paraguas,3.70,paraply,3.79,_emsiye
vest,noun,,,7.15,armilla,3.78,vest,10.33,gilet,3.29,vest,3.83,liivi,5.30,Weste,,,4.48,afuda,4.62,mellény,4.30,vesti,3.58,veist,7.16,ivesti,3.56,canottiera,4.86,liemen_,5.14,Gilet,6.38,sidrija,,,5.29,_____,5.15,waist coat,4.61,prsluk,4.00,vesta,5.19,chaleco,4.61,väst ,3.95,yelek
wardrobe,noun,,,3.25,armari,4.39,klædeskab,3.18,kast,4.37,wardrobe,2.83,vaatekaappi,2.76,Schrank,,,2.62,aron,3.57,szekrény,3.09,skápur,6.26,vardrús,6.16,iwodrophu,,armadio,3.36,spinta,2.82,Schaf,5.73,gwardarobba,,,2.69,____,4.62,cupboard,4.39,orman,2.89,skri_a,3.72,armario,3.22,skåp,3.24,dolap
watch,noun,4.03,horlosie,4.05,rellotge,4.52,armbåndsur,4.82,horloge,3.90,watch,3.63,rannekello,3.33,Uhr,3.40,_____,4.00,sha'on yad,3.55,óra,3.96,úr,3.65,uaireadóir,5.39,iwotshi,3.72,orologio,3.64,laikrodis,3.18,Auer,3.89,arlo__,3.63,zegarek,2.78,____,3.45,watch,3.88,sat,3.42,hodinky,3.64,reloj,3.05,klocka,4.15,kol saati
watermelon,noun,,,3.85,síndria,4.39,vandmelon,5.95,watermeloen,5.15,watermelon,4.00,vesimeloni,3.90,Melone,,,2.52,avatiax,4.19,görögdinnye,6.87,vatnsmelóna,10.17,mealbhacán uisce,5.48,ivatala,3.84,anguria,5.14,arb_zas,5.76,Waassermeloun,5.08,dullieg_a,,,2.83,_____,3.86,watermelon,4.18,lubenica,3.67,melón,3.82,sandia,4.36,vattenmelon ,3.05,karpuz
wave,noun,4.24,brander,4.45,onada,3.52,bølge,4.43,golf,3.46,wave,3.67,aalto,3.71,Welle,3.93,____,3.55,gal,4.67,hullám,4.45,alda,4.20,tonn,6.17,amaza,3.40,onda,4.43,banga,4.33,Well,5.15,mew_a,4.00,fala,3.78,_____,3.02,wave,4.33,talas,4.67,vlna,4.05,ola,4.05,våg,4.51,dalga
whistle,noun,4.62,fluitjie,4.30,xiulet,3.87,fløjte,4.05,fluitje,4.52,whistle,2.71,pilli,3.90,Pfeife,4.60,_________,3.81,mashrokit,3.71,síp,3.70,flauta,3.60,feadóg,5.38,impempe,4.44,fischietto,4.68,_vilpukas,3.57,Päif,4.43,suffara,4.41,gwizdek,3.81,_______,4.26,whistle,5.52,pi_taljka,3.76,pí__alka,4.64,silbato,4.48,visselpipa,3.31,düdük
zebra,noun,4.43,sebra,5.25,zebra,3.43,zebra,4.05,zebra,4.03,zebra,3.79,seepra,3.43,Zebra,4.63,__π__,3.00,zebra,4.00,zebra,4.39,sebrahestur,6.68,séabra,6.20,izebra,3.80,zebra,4.75,zebras,3.86,Zebra,5.08,_ebra,3.75,zebra,3.58,_____,3.45,zebra,4.82,zebra,4.27,zebra,4.05,cebra,3.91,zebra,5.42,zebra
bark,verb,3.05,blaf,4.85,bordar,2.87,hunden gør,3.00,blaffen,3.47,bark,2.13,haukkua,2.62,bellen,3.24,________,3.05,linbo'ax,2.90,ugat,3.17,gelta,3.42,(ag) tafann,5.81,khonkotha,3.38,abbaiare,3.00,loti,2.68,billen,4.14,tinba_,3.09,szczeka_,2.33,_______,2.86,bark,3.88,lajati,2.76,_teka_,3.64,ladrar,3.26,skälla,2.67,havlamak
bath,verb,2.65,bad,3.15,banyar-se,2.43,bader,4.33,badderen,3.02,bath,2.04,kylpeä,2.24,baden,3.21,_____ _π____,2.38,la'asot ambatya,2.76,fürdik,2.61,ba_a sig,4.89,(ag) folcadh,4.24,hlamba,2.79,lavarsi,3.25,maudytis,3.00,bueden,3.81,tin_asel,2.84,k_pa_ si_,2.31,________,2.14,bath,3.09,kupati se,2.24,kúpa_ sa,2.91,bañarse,2.09,bada,2.74,yıkanmak
beg,verb,6.08,bedel,6.18,demanar caritat,5.65,tigger,5.67,bedelen,5.37,beg,5.38,kerjätä,5.05,betteln,5.80,__________,6.65,lekabec nedavot,6.43,kéreget,6.65,betla,6.56,(ag) lorg déirce,4.15,cela,6.17,chiedere l'elemosina,5.54,maldauti,4.32,heeschen,6.20,tittallab,6.94,_ebra_,2.47,_______,4.80,beg,6.00,prositi,6.00,_obra_,7.18,suplicar,5.22,tigga,5.39,dilenmek
bite,verb,2.84,byt,2.85,mossegar,2.57,bider,2.91,bijten,2.92,bite,2.13,3.01,2.43,beißen,3.38,________,2.81,linshox,3.20,harap,2.52,bíta,4.63,(ag) tabhairt greim,3.92,luma,3.17,mordere,3.39,k_sti,2.45,bäissen,4.29,tigdem,3.19,gry__,2.39,_______,2.43,bite,3.58,ujesti,2.88,hr_z_,3.18,morder,2.57,bita,2.72,ısırmak
blow,verb,3.27,blaas,2.85,bufar,2.61,puster,2.91,blazen,3.48,blow,2.04,puhaltaa,2.90,pusten,3.39,______,4.81,linshof,3.33,fúj,2.96,blása,3.47,(ag) séideadh,4.25,vuthela,3.25,soffiare,3.57,p_sti,2.59,blosen,4.38,tonfo_,3.06,dmucha_,2.44,____,2.74,blow,4.36,duvati,2.76,fúka_,3.18,soplar,2.96,blåsa,3.05,üflemek
boil,verb,3.72,kook [English: boil],4.35,bullir,3.74,koger,3.05,koken,5.19,boil,3.46,kiehua,2.62,kochen,4.63,______,4.70,lirtoax,4.57,forral,3.65,sjó_a,4.59,(ag) beiriú,5.76,bilisa,5.29,bollire,3.39,virti,3.55,kachen,6.19,tag_li,4.28,gotowa_ si_,3.72,______,4.71,boil,5.12,kuvati se,4.88,vrie_,5.73,hervir,3.30,koka,4.45,kaynamak
box,verb,4.65,boks,6.15,boxejar,4.83,bokser,5.18,boksen,5.04,box,4.88,nyrkkeillä,4.95,boxen,6.68,π_______,6.45,lehit'agref,3.62,üt,5.00,k_la,6.59,(ag) púinseáil,7.17,ukulwa ngamanqindi,3.92,colpire,3.46,mu_ti,4.41,boxen,6.29,tag_ti bil-ponn,3.75,bi_ si_ (uderza_),2.64,____,3.52,box,5.52,boksovati se,5.70,boxova_,6.45,boxear,4.87,boxas ,5.68,boks yapmak
brush [teeth],verb,2.97,borsel [tande],4.65,respallar-se les dents,3.17,børster,2.82,poetsen [tanden],3.43,brush [teeth],2.00,harjata (hampaat),2.38,Zähne putzen,3.89,__________,2.90,lecaxceax shinaim,3.38,fogat mos,2.74,bursta tennur,3.74,(ag) scuabadh [fiacla],4.39,xukuxa,3.08,lavare,3.68,valytis,2.55, [Zänn] wäschen,3.71,ta_sel (snienek),3.25,szczotkowa_ [z_by],3.11,_______,2.93,brush,3.52,prati zube,2.82,_isti_ si zuby,3.59,lavarse los dientes,2.78,borsta (tänderna),3.82,fırçalamak
build,verb,,,4.60,construir,2.87,bygger,5.68,metselen,3.47,build,4.50,muurata,5.81,mauern,,,2.86,livnot,3.67,épít,5.35,múra,4.88,(ag) tógaint,4.96,yikha,3.63,costruire,3.25,statyti,2.86,bauen,4.86,tibni,,,2.97,_______,3.40,build,5.00,zidati,2.78,stava_,4.29,construir,3.17,bygga,5.10,in_aat yapmak
burn,verb,3.62,brand,3.45,cremar-se,3.52,brænder,5.00,in brand staan,4.43,burn,2.83,palaa,3.86,brennen,4.53,________,5.10,liv'or,3.43,ég,3.78,brenna,3.72,(ag) dó,5.57,yitsha,4.29,bruciare,3.68,degti,3.45,brennen,4.57,taqbad,3.97,pali_ si_,3.00,______,3.38,burn,4.58,goreti,3.76,horie_,3.86,quemar,3.65,brinna,3.46,yanmak
burst,verb,4.22,bars,5.26,explotar,5.35,sprænger,5.24,knappen,4.96,burst,3.17,poksahtaa,3.62,platzen,4.70,_____,3.76,lehitpocec,4.90,kipukkan,3.96,springa,4.21,(ag) pléascadh,5.88,gqabhuka,4.42,scoppiare,4.89,sprogti,3.45,platzen,5.71,tinfaqa',4.26,p_ka_,3.19,_______,4.05,pop,4.85,pu_i,4.09,prasknú_,4.95,explotar,5.78,brista,3.97,patlamak
carry,verb,3.05,dra,2.80,portar,3.35,bærer,3.32,dragen,3.67,carry,2.50,kantaa,2.52,tragen,4.62,_________,4.29,lisxov,3.62,visz,4.04,bera,3.53,(ag) iompar,5.07,thwala,5.46,trasportare,2.96,ne_ti,2.82,droen,3.95,terfa',3.59,nie__,2.56,_____,2.86,carry,3.73,nositi,3.09,nies_,3.11,llevar,2.70,bära,3.36,ta_ımak
carve,verb,6.03,kerf,7.50,esculpir,4.22,snitter,5.50,uitsnijden,6.02,carve,4.88,veistää,4.33,schnitzen,9.74,_______,5.73,lesatet,5.10,farag,5.30,skera út,7.44,(ag) snoí,5.32,sika,6.79,scolpire,5.68,i_dro_ti,5.00,schnëtzelen,8.71,tnaqqax,4.78,rze_bi_,5.69,________,6.07,carve,3.91,praviti,5.67,vyrezáva_,8.00,tallar,6.22,karva,7.44,yontmak
clap,verb,2.97,hande klap ,4.00,aplaudir,2.17,klapper,2.86,klappen,2.77,clap,1.88,taputtaa,2.48,klatschen,4.09,____________,2.14,limxo kapaim,2.95,tapsol,2.35,klappa,3.11,(ag) bualadh bos,4.44,qhwaba,4.29,applaudire,2.86,ploti,3.27,klappen,3.81,i__ap_ap,3.09,klaska_,2.50,_______ _ ______,2.17,clap,3.39,tap_ati,2.24,tlieska_,3.27,aplaudir,2.30,klappa händerna,3.10,alkı_lamak
clean,verb,,,3.20,netejar,3.65,gør rent,6.73,lappen,3.59,clean,1.61,pestä,2.95,putzen,,,2.86,lenakot,4.57,tisztít,4.30,hreinsa,3.26,(ag) glanadh,6.00,cocisa,3.33,pulire,3.36,valyti,3.14,botzen,4.43,tnaddaf,,,2.50,____,2.95,wipe,4.48,_istiti,2.67,utiera_,3.88,limpiar,3.23,tvätta   ,3.24,temizlemek
climb,verb,3.05,klim,2.85,pujar,2.96,klatrer,3.18,klimmen,3.61,climb,2.21,kiivetä,3.29,klettern,3.50,_________,2.57,letapes,3.33,mászik,3.13,klifra,4.32,(ag) dreapadh,4.54,khwela,4.00,arrampicarsi,2.96,lipti,2.95,klammen,3.71,titla',4.44,wspina_ si_,2.69,_____,3.02,climb,3.88,penjati se,2.85,liez_,2.91,subir,3.13,klättra ,3.74,tırmanmak
comb,verb,3.08,kam,3.30,pentinar-se,4.65,friserer,3.50,kammen,3.85,comb,2.21,kammata,2.71,kämmen,3.51,__________,2.71,lehistarek,3.43,fésülködik,2.91,grei_a,3.56,(ag) cíoradh,4.22,kama,3.67,pettinarsi,3.43,_ukuotis,2.68,kämmen,4.90,tippettna,3.22,czesa_,2.58,___________,3.83,comb,3.73,_e_ljati se,2.73,_esa_ (sa),2.95,peinar,3.30,kamma sig,3.23,taramak
conduct,verb,,,5.95,dirigir,6.48,dirigerer,5.64,dirigeren,7.27,conduct,4.67,johtaa,6.05,dirigieren,,,3.90,lenaceax,5.48,vezényel,4.22,st_ra,6.11,(ag) stiúradh,5.74,culisa,6.13,dirigere,6.36,diriguoti,5.57,dirigéieren,5.38,tidderie_i,,,5.78,____________,7.15,conduct,5.91,dirigovati,5.22,dirigova_,5.76,dirigir,6.48,dirigera,6.19,yönetmek
cook,verb,3.67,kook [English: cook],3.40,fer menjar,2.83,laver mad,3.32,koken,3.73,cook,2.63,keittää,2.67,kochen,3.53,__________,3.33,levashel,3.29,f_z,3.43,elda,3.63,(ag) cócaireacht,6.00,pheka,3.29,cucinare,3.46,virti,2.77,kachen,4.71,issajjar,3.47,gotowa_,2.92,________,3.38,cook,4.33,kuvati,2.76,vari_,4.05,cocinar,2.87,laga mat,3.38,yemek yapmak
crawl,verb,3.00,kruip,5.20,anar de quatre grapes,2.74,kravler,3.14,kruipen,3.03,crawl,2.17,kontata,2.57,krabbeln,3.95,_π_________,2.67,lizxol,3.14,mászik,2.70,skrí_a,6.94,(ag) lámhacán,5.12,gaqa,4.42,gattonare,4.21,ropoti,3.00,krabbelen,6.21,timxi mbè,4.50,raczkowa_,2.33,_______,2.49,crawl,3.45,puziti,2.67,lozi_,4.00,gatear,2.65,krypa,3.18,emeklemek
cry,verb,2.70,huil,2.40,plorar,2.22,græder,2.27,huilen,2.48,cry,1.46,itkeä,2.14,weinen,2.71,______,1.83,livkot,2.57,sír,2.17,gráta,2.63,(ag) caoineadh,3.67,lila,2.54,piangere,2.96,verkti,2.27,kräischen,3.38,tibki,2.59,p_aka_,1.92,_______,2.10,cry,3.12,plakati,2.03,plaka_,2.64,llorar,2.52,gråta,2.24,a_lamak
cut,verb,3.78,knip,4.00,retallar,3.22,klipper,3.27,knippen,3.35,cut,2.46,leikata,2.90,schneiden,3.49,_____,3.43,ligzor,3.81,vág,3.04,klippa,3.42,(ag) gearradh,4.79,sika,3.33,tagliare,3.82,kirpti,3.00,schneiden,4.76,taqta',3.75,ci__,3.08,______,3.07,cut,4.58,se_i,3.33,striha_,3.32,cortar,2.96,klippa,3.38,kesmek
dance,verb,3.59,dans,2.85,ballar,2.65,danser,2.95,dansen,3.15,dance,2.25,tanssia,3.43,tanzen,3.60,________,2.52,lirkod,3.86,táncol,2.91,dansa,3.42,(ag) rince,6.16,danisa,3.08,ballare,3.29,_okti,2.77,danzen,4.29,ti_fen,2.94,ta_czy_,2.33,_________,2.93,dance,4.15,plesati,2.55,tancova_,3.27,bailar,2.74,dansa,3.69,dans etmek
dig,verb,5.38,spit,5.10,cavar,2.91,graver,3.64,graven,3.57,dig,2.71,kaivaa,3.62,graben,4.08,______,3.43,laxpor,4.05,ás,2.83,moka,4.61,(ag) tochailt,6.28,uyemba,4.00,scavare,3.71,kasti,4.05,gruewen,5.38,t_affer,3.31,kopa_,2.83,______,2.93,dig,4.67,kopati,4.39,r__ova_,5.57,cavar,3.43,gräva,4.24,kazmak
dive,verb,4.43,duik,5.65,tirar-se de cap,4.52,dykker,4.68,duiken,5.10,dive,3.88,sukeltaa,2.67,springen,4.00,_______,5.68,likpoc rosh,3.48,fejest ugrik,5.35,stinga sér,4.72,(ag) tumadh ,5.26,ukudayiva,4.17,tuffarsi,5.50,nerti,4.64,tauchen,6.38,taqbe_ g_al rasek,4.59,skaka_ do wody,4.28,______,4.90,dive,3.52,sko_iti,3.94,skáka_ do vody,3.90,tirarse al agua,4.48,dyka,5.10,dalmak
drag,verb,,,3.90,arrossegar,3.70,trækker,5.18,slepen,4.91,drag,2.54,vetää,5.14,schleppen,,,4.37,ligror,3.67,húz,3.52,draga,7.44,(ag) cúltarraingt,5.91,rhuqa,4.71,trascinare,4.29,tempti,4.45,schleefen,5.38,tkaxkar,,,3.53,______,4.07,drag,4.67,vu_i,2.56,_aha_,4.75,arrastrar,4.26,släpa ,5.80,sürüklemek
draw,verb,3.22,teken,2.85,dibuixar,2.57,tegner,2.86,tekenen,2.86,draw,1.96,piirtää,2.29,malen,3.12,__________,2.48,lecayer,3.52,rajzol,2.78,teikna,2.95,(ag) tarraingt pictiúir,5.21,zoba,2.71,disegnare,2.93,pie_ti,2.27,molen,3.71,tpin_i,2.68,rysowa_,2.47,________,2.67,draw,3.36,crtati,2.52,kresli_,2.95,dibujar,2.57,rita,3.49,çizmek
drill,verb,4.95,boor,3.70,foradar,4.35,borer,4.86,boren,5.46,drill,3.67,porata,4.71,bohren,4.44,___π___,5.80,likdoax,3.38,fúr,4.04,bora,4.56,(ag) druileáil,4.00,bhola,6.33,trapanare,5.21,gr__ti,4.33,bueren,6.40,ittaqqab,4.09,wierci_,4.97,________,4.95,drill,5.06,bu_iti,4.85,v_ta_,6.50,taladrar,4.91,borra,4.67,delmek
drink,verb,2.73,drink,2.65,beure,2.09,drikker,2.05,drinken,2.44,drink,1.38,juoda,1.86,trinken,2.80,π____,2.07,lishtot,4.10,iszik,2.00,drekka,2.53,(ag) ól,3.79,sela,2.25,bere,2.61,gerti,2.23,drénken,3.05,tixrob,2.26,pi_,1.74,____,2.29,drink,3.15,piti,1.73,pi_,2.68,beber,2.17,dricka ,2.42,içmek
drip,verb,3.75,drup,5.90,gotejar,3.91,drypper,5.00,druppelen,4.44,drip,2.13,tippua,3.67,tropfen,4.41,______,4.50,letaftef,2.81,csöpög,4.22,leka,4.74,(ag) sileadh,7.17,iyathontsiza,5.83,sgocciolare,4.71,la__ti,3.73,drëpsen,5.81,tqattar,3.75,kapa_,3.17,______,3.98,drip,5.12,kapljati,3.70,kvapka_,5.50,gotear,3.91,droppa,4.47,damlamak
drive,verb,5.27,bestuur,5.30,conduir,2.65,kører,4.09,autorijden,3.92,drive,2.00,ajaa (autoa),3.48,lenken,3.75,_______,4.30,linhog,4.29,vezet,3.00,keyra,3.95,(ag) tiomáint,5.42,qhuba,4.08,guidare,4.14,vairuoti,2.68,fueren,4.76,issuq,4.09,kierowa_,4.39,_____ ______,3.46,drive,4.06,voziti,4.27,_oférova_,4.86,conducir,3.48,köra,4.56,araba kullanmak
drown,verb,4.69,verdrink,5.50,ofegar-se,4.57,drukner,5.50,verdrinken,5.57,drown,4.04,hukkua,5.48,ertrinken,4.67,π_______,5.20,litbo'a,4.52,fuldoklik,5.30,drukkna,4.63,(ag) bá,6.00,rhaxwa,4.67,affogare,4.71,sk_sti,4.73,erdrénken,5.90,teg_req,4.68,topi_ si_,3.97,______,4.67,drown,5.18,daviti se,4.73,topi_ sa,5.23,ahogar,4.74,drunkna,4.85,bo_ulmak
dry,verb,5.32,droogblaas,3.50,eixugar,3.26,tørrer,5.36,föhnen,3.67,dry,2.92,kuivata,3.76,föhnen,4.69,_________,4.33,leyabesh,5.71,hajat szárít,3.17,_urrka,3.89,(ag) triomú,6.89,ukomisa,3.54,asciugare,4.79,d_iovinti,3.41,fönen ,6.05,tnixxef,4.06,suszy_,3.33,______,4.02,blowdry,4.79,su_iti kosu,3.91,su_i_ vlasy,3.95,secar,3.61,torka,4.28,kurutmak
eat,verb,2.54,eet,2.30,menjar,1.96,spiser,2.00,eten,2.34,eat,1.29,syödä,1.95,essen,2.61,_____,1.83,le'exol,4.33,eszik,2.00,bor_a,2.42,(ag) ithe,4.18,yitya,2.04,mangiare,2.61,valgyti,2.23,iessen,3.14,tiekol,2.13,je__,1.94,____,1.95,eat,2.88,jesti,1.76,jes_,2.18,comer,1.91,äta,2.05,yemek
erupt,verb,5.97,uitbars,5.45,fer erupció,5.83,udbryder,6.00,uitbarsten,7.20,erupt,4.75,purkautua,5.10,ausbrechen,6.82,__________,5.65,lehitparec,2.48,kitör,6.04,gjósa,7.47,(ag) brúchtadh,6.94,qhashumba,6.58,eruttare,5.57,ver_tis,5.48,ausbriechen,7.10,ti_broffa,4.91,wybucha_,7.03,___________,6.93,erupt,5.30,izbacivati,5.36,vybuchnú_,6.61,entrar en erupción,6.04,få utbrott   ,3.92,patlamak
extinguish,verb,6.27,blus,3.30,apagar,3.22,slukker,5.14,blussen,7.09,extinguish,2.79,sammuttaa,4.71,löschen,4.15,______,3.29,lexabot,5.48,olt,3.17,slökkva,4.00,(ag) múchadh,7.83,cim'umlilo,5.71,spegnere l'incendio,4.79,gesinti,4.71,läschen,5.00,titfi,4.03,gasi_,4.78,______,7.40,extinguish,4.61,gasiti,4.58,hasi_,2.95,apagar,3.13,släcka ,3.77,söndürmek
fall,verb,2.97,val,2.70,caure,2.48,falder,2.50,vallen,2.78,fall,2.13,pudota,2.52,fallen,3.06,π_____,2.43,lipol,4.57,esik,2.04,detta,2.84,(ag) titim,4.38,ukuwa,2.58,cadere,3.00,lipti,2.82,falen,3.76,taqa',3.42,spada_,2.17,______,2.26,fall,3.15,pasti,2.64,pada_,3.23,caer,2.57,ramla,2.28,dü_mek
feed,verb,3.65,voer,3.15,donar menjar,3.30,fodrer,3.09,voeren,3.15,feed,2.46,syöttää,2.90,füttern,3.26,______,3.05,leha'axil,3.76,etet,2.61,gefa,5.74,(ag) cothú ,6.21,funza,5.17,nutrire,4.00,maitinti,3.23,fidderen,5.71,titma',2.97,karmi_,2.31,_______,3.02,feed,3.24,hraniti,2.79,k_mi_,5.19,alimentar,2.96,mata,3.95,beslemek
fight,verb,3.89,baklei,3.80,barallar-se,3.26,slås,3.55,vechten,4.03,fight,2.83,tapella,5.24,sich prügeln,4.57,__________,3.52,lariv,3.33,verekszik,4.00,slást,3.37,(ag) troid,5.45,ukulwa,3.58,litigare,3.79,mu_tis,2.91,streiden,5.05,ti__ieled,3.75,bi_ si_ (walczy_),3.03,_______,3.31,fight,4.21,tu_i se,3.55,bi_ sa,4.09,pelear,3.70,slåss ,3.63,dövü_mek
file,verb,,,5.85,llimar les ungles,5.50,filer,6.00,vijlen,6.07,file,5.11,viilata,5.38,feilen,,,7.11,leshayef,3.95,körmöt reszel,5.43,slípa,9.38,(ag) líomhadh,7.48,lol'iinzipho,6.00,limare,6.43,dildyti,5.10,feilen,5.90,tillima,,,3.97,______,5.49,file,6.70,turpijati,6.89,pilova_,10.83,archivar,6.00,fila (naglarna),5.57,törpülemek
fish,verb,4.65,visvang,4.40,pescar,3.35,fisker,3.95,vissen,4.05,fish,2.96,onkia,4.62,angeln,4.26,_______,4.50,ladug,6.14,horgászik,3.96,vei_a,3.95,(ag) iascach,6.96,loba,4.17,pescare,4.11,_vejoti,3.50,fëschen,5.81,tistad,4.66,_owi_,3.42,______ ____,3.29,fish,4.79,pecati,4.06,chyta_ ryby,4.52,pescar,3.87,fiska,5.18,balık avlamak
fly,verb,4.19,vlieg,3.05,volar,3.05,flyver,3.45,vliegen,3.52,fly,2.17,lentää,3.10,fliegen,3.19,π_____,4.05,latus,4.52,repül,2.96,fljúga,3.58,(ag) eitilt,6.19,ukubhabha,3.04,volare,3.61,skristi,2.73,fléien,4.43,ittir,3.44,lata_,2.69,______,2.88,fly,4.00,leteti,3.12,letie_,3.36,volar,3.26,flyga,3.68,uçmak
fry,verb,3.86,bak,4.95,fregir,3.83,steger,3.45,bakken,5.28,fry,2.58,paistaa,4.33,braten,4.38,_________,4.55,letagen,3.57,süt,4.17,steikja,5.53,(ag) friochadh,6.89,gcada,5.63,friggere,3.71,kepti,3.91,broden,6.19,taqli,4.31,sma_y_,3.50,______,4.24,fry,5.52,pr_iti,5.52,pra_i_,5.18,freir,3.52,steka,4.82,kızartmak
glue,verb,3.57,plak,3.74,enganxar,3.30,limer,3.50,lijmen,3.85,glue,2.96,liimata,3.00,kleben,4.16,_______,3.05,lehadbik,3.57,ragaszt,3.52,líma,5.61,(ag) glúáil,5.58,ncamathelisa,3.71,incollare,4.18,klijuoti,3.14,pechen,5.00,twa__al,3.66,klei_,3.47,______,3.86,glue,4.45,lepiti,3.36,lepi_,3.82,pegar,3.39,klistra ,3.87,yapı_tırmak
grate,verb,5.03,rasper,4.00,ratllar,3.48,river,5.82,raspen,5.79,grate,4.42,raastaa,5.48,raspeln,4.35,______,3.43,legared,3.81,reszek,3.13,rífa,5.35,(ag) grátáil,7.85,sila,5.04,grattugiare,4.37,tarkuoti,3.00,rappen,4.76,t_okk,4.25,trze_,3.53,______,4.80,grate,5.79,rendati,4.27,strúha_,5.62,rallar,3.61,riva,5.03,rendelemek
grill,verb,4.41,braai [English: grill],5.70,rostir,4.14,griller,6.14,barbecuën,6.00,grill,5.22,grillata,4.81,grillen,4.06,_____,4.95,la'asot al ha-esh,5.11,süt,7.05,grilla,8.60,(ag) gríoscadh,6.41,ukoja,6.46,grigliare,3.59,kepti,4.05,grillen,6.57,tixwi,8.31,grillowa_,3.50,______,5.24,braai,4.67,pe_i,6.85,grilova_,6.77,asar,4.48,grilla,5.76,ızgara yapmak
hammer,verb,3.41,kap,4.60,picar amb un martell,3.30,hamrer,2.64,slaan,4.81,hammer,3.00,naulata,3.76,hämmern,4.97,________,2.93,lidpok,3.45,szögel,4.00,negla,6.94,(ag) greadadh,6.15,bethelela,6.38,inchiodare,3.93,kalti,5.19,aschloën,6.00,issammar,4.59,wbija_,4.25,________ ______,3.33,hit,4.67,kucati,5.03,zabíja_ (klinec),5.00,clavar,3.65,spika ,4.21,çakmak
hatch,verb,5.19,uitbroei,5.90,sortir de l’ou,6.04,udklækker,5.77,uit het ei kruipen,5.31,hatch,4.21,kuoriutua,4.52,schlüpfen,8.33,______π_____,6.00,livko'a,4.24,kikel,5.00,koma úr eggi,3.37,(ag) teacht amach,6.58,qandusela,5.71,schiudere,5.11,i_siristi,5.95,schlüpfen,6.90,tfaqqas,5.19,wykluwa_ si_,4.33,__________,4.88,hatch,5.64,izle_i se,5.21,liahnut' sa,9.18,eclosionar,4.83,kläckas ,4.97,yumurtadan çıkmak
hitchhike,verb,7.11,hike,6.45,fer autostop,6.35,blaffer,6.82,liften,7.56,hitchhike,6.96,liftata,8.10,trampen,7.65,_____ ______π,6.24,litpos tremp,4.86,stoppol,7.52,fara á puttanum,6.37,(ag) fáil síob,7.84,ukuhayikha,6.63,fare autostop,4.75,stabdyti,6.14,Autostopp maan,7.57,titlob lift,7.81,_apa_ autostop,5.20,______________,6.66,hike,6.09,stopirati,6.24,stopova_,8.95,hacer autostop,5.17,lifta,7.97,otostop yapmak
hug,verb,3.03,gee 'n drukkie,2.75,abraçar,3.04,krammer,3.05,knuffelen,2.50,hug,1.96,halata,2.90,umarmen,3.92,_____________,2.14,lexabek,5.15,ölel,3.48,fa_ma,6.56,(ag) tabhairt barróige,7.21,ukwanga,3.13,abbracciare,3.25,apkabinti,4.05,ëmäermelen,5.19,tg_annaq,2.77,przytula_,2.36,________,2.33,hug,3.15,grliti,2.94,objíma_,3.05,abrazar,2.39,krama,2.85,sarılmak
hunt,verb,5.08,jag,4.95,caçar,4.35,jager,4.55,jagen,5.27,hunt,3.83,metsästää,4.38,jagen,4.03,________,5.20,lacud,3.14,vadászik,3.82,vei_a,5.00,(ag) fiach,6.00,zingela,4.79,cacciare,4.86,med_ioti,5.14,op d'Juegd goen,7.24,tmur g_all-ka__a,5.09,polowa_,4.53,_________,5.00,hunt,5.09,loviti,5.18,lovi_,5.64,cazar,4.00,jaga,5.57,avlanmak
iron,verb,4.27,stryk,4.60,planxar,4.04,stryger,4.32,strijken,4.98,iron,2.33,silittää,4.29,bügeln,4.44,_________,5.20,legahec,5.00,vasal,4.09,strauja,4.16,(ag) iarnáil,6.19,ayina,4.38,stirare,4.04,lyginti,3.55,strecken,5.62,tg_addi,4.47,prasowa_,3.19,_______,4.12,iron,5.03,peglati,3.82,_ehli_,5.00,planchar,4.30,stryka,3.90,ütülemek
jump,verb,3.19,spring,2.80,saltar,2.09,hopper,2.82,springen,2.83,jump,1.88,hypätä,2.86,hüpfen,3.46,π_____,2.36,likpoc,4.24,ugrál,2.35,hoppa,2.70,(ag) léim,5.17,xhuma,2.88,saltare,3.11,_okti,2.50,sprangen,3.86,taqbe_ ,3.09,skaka_,2.42,_______,2.52,jump,3.66,skakati,2.58,skáka_,5.68,saltar,2.48,hoppa ,3.15,zıplamak
kick,verb,3.00,skop,4.40,xutar,2.86,sparker,3.14,schoppen,2.96,kick,2.29,potkaista,4.71,kicken,3.62,________,2.62,liv'ot,3.10,rúg,3.09,sparka,3.10,(ag) ciceál,4.22,khaba,3.58,calciare,3.50,spirti,3.64,schéissen,5.57,tixxuttja,3.22,kopa_,2.69,_______,2.62,kick,4.21,_utnuti,3.03,kopa_,3.78,chutar,2.78,sparka,5.46,_ut atmak
kiss,verb,2.92,soen,2.40,fer un petó,2.52,kysser,4.05,zoenen,2.74,kiss,2.50,suukottaa,3.14,küssen,2.97,______,2.05,lenashek,3.48,puszil,2.61,kyssa,3.00,(ag) pógadh,5.78,nqabuza,3.08,baciare,3.39,bu_iuoti,3.36,këssen,4.14,tbus,3.53,ca_owa_,2.17,________,2.26,kiss,3.61,ljubiti,2.67,pobozka_,3.05,besar,2.74,pussa,2.33,öpmek
knit,verb,4.08,brei,5.70,fer mitja,3.57,strikker,4.59,breien,5.37,knit,3.67,kutoa,4.10,stricken,4.94,_______,4.90,lisrog,2.62,köt,3.83,prjóna,3.95,(ag) cniotáil,6.92,ukunitha,5.75,fare la maglia,4.25,megzti,3.64,strécken,5.24,tinnittja,5.03,robi_ na drutach,4.14,______,3.80,knit,4.97,plesti,4.67,_trikova_,5.95,tejer,3.61,sticka,4.21,örmek
knock,verb,3.22,klop,3.55,trucar,3.13,banker,3.55,kloppen,3.83,knock,2.29,koputtaa,2.86,klopfen,3.24,___π___,2.86,lidpok,4.86,kopog,3.13,banka,3.35,(ag) cnagadh ,5.08,nkqonkqoza,3.54,bussare,3.93,belsti,3.09,klappen,4.71,t_abbat,3.28,puka_,2.53,_______,3.33,knock,4.52,kucati,3.06,klopa_,4.91,picar,2.96,knacka,2.95,kapı çalmak
laugh,verb,2.76,lag,2.65,riure,2.43,griner,2.27,lachen,3.08,laugh,1.79,nauraa,2.29,lachen,2.66,______,2.52,licxok,3.38,nevet,2.35,hlæja,2.84,(ag) gáirí,4.25,hleka,2.50,ridere,3.07,juoktis,2.41,laachen,3.86,tid_ak,2.75,_mia_ si_,2.11,________,2.52,laugh,2.82,smejati se,2.30,smia_ sa,3.23,reir,2.30,skratta,2.39,gülmek
lick,verb,3.11,lek,3.10,llepar,3.00,slikker,3.23,likken,3.27,lick,2.33,nuolla,3.05,lecken,3.95,_______,2.43,lelakek,3.14,nyal,2.96,sleikja,3.93,(ag) lí,5.19,khotha,3.13,leccare,3.82,lai_yti,2.77,lecken,5.71,tilg_aq,3.28,liza_,2.69,______,2.86,lick,4.12,lizati,2.82,líza_,3.36,chupar,2.83,slicka,3.13,yalamak
light,verb,4.27,aansteek,4.00,encendre,3.13,tænder,5.09,aansteken,4.33,light,3.00,sytyttää,4.52,anzünden,3.82,______,3.00,lehadlik,3.76,gyújt,3.22,kveikja,3.37,(ag) lasadh,6.19,khanyisa,3.83,accendere,4.21,u_degti,3.64,ufänken,5.24,tixg_el,3.65,zapala_,3.83,________,3.24,light,4.67,paliti,4.42,zapa_ova_,3.59,encender,3.74,tända,3.56,yakmak
listen,verb,3.05,luister,2.95,escoltar,3.52,lytter,2.68,luisteren,3.15,listen,2.17,kuunnella,2.10,hören,2.89,______,3.40,lehakshiv,4.10,zenét hallgat,2.74,hlusta,3.00,(ag) éisteacht,3.92,mamela,2.96,ascoltare,4.00,klausytis,2.77,lauschteren,3.71,tisma',2.84,s_ucha_,2.39,_______,3.07,listen,3.36,slu_ati,2.58,po_úva_,3.50,escuchar,2.91,lyssna,3.11,dinlemek
marry,verb,5.38,trou,5.35,casar-se,4.70,gifter sig,4.50,trouwen,4.65,marry,5.17,vihkiä,4.81,heiraten,5.38,π________,4.71,lehitxaten,4.67,összead,4.35,gifta sig,4.11,(ag) pósadh ,7.33,tshatisa,4.42,sposare,5.82,tuoktis,4.18,bestueden,6.43,ti__ewwe_,4.75,bra_ _lub,4.78,________,4.40,marry,5.48,ven_ati se,5.36,vydáva_ sa/_eni_ sa,5.59,casarse,4.64,gifta sig ,4.32,evlenmek
massage,verb,6.25,masseer,7.20,fer massatge,6.74,masserer,6.91,masseren,6.59,massage,4.17,hieroa,6.19,massieren,5.94,_______  ______,6.12,le'asot,5.62,masszíroz,4.96,nudda,8.31,(ag) tabhairt suathaireacht,6.56,ukuphulula,5.54,massaggiare,6.79,masa_uoti,4.95,masséieren,6.33,timmassa__ja,4.84,masowa_,5.14,_____________,6.40,massage,5.64,masirati,6.03,masírova_,7.95,hacer un masaje,6.17,massera,6.31,masaj yapmak
measure,verb,4.59,meet,5.55,medir,4.13,måler,5.82,opmeten,5.56,measure,3.75,mitata,5.24,messen,3.66,_______,4.30,limdod,5.80,mér,4.48,mæla,4.89,(ag) tomhais,5.29,linganisela,4.88,misurare,4.89,matuoti,4.59,moossen,6.10,tkejjel,4.81,mierzy_,4.86,________,5.37,measure,5.52,meriti,4.58,mera_,5.41,medir,4.13,mäta ,5.59,ölçmek
melt,verb,4.30,smelt,6.05,fondre’s,3.61,smelter,4.32,smelten,4.75,melt,3.21,sulaa,4.38,schmelzen,4.55,______,6.74,lehimes,4.43,olvad,4.35,brá_na,4.22,(ag) leá,5.42,nyibilika,4.58,sciogliere,3.89,tirpti,3.73,schmëlzen,6.86,iddub,4.66,topi_ si_,3.42,_____,4.34,melt,5.15,topiti se,4.67,topi_ sa,5.64,derretir,4.43,smälta ,4.79,erimek
milk,verb,3.89,melk,5.45,munyir,4.00,malker,4.50,melken,4.18,milk,3.38,lypsää,4.62,melken,5.62,_______,5.15,laxalov,4.00,fej,4.57,mjólka,5.88,(ag) crú,7.29,senga,5.13,mungere,4.50,mel_ti,4.43,sträichen,7.10,ta_leb,4.66,doi_,3.81,_____,2.81,milk,5.85,musti,5.15,doji_,5.59,ordeñar,4.35,mjölka ,4.74,süt sa_mak
mix,verb,3.97,meng,4.05,barrejar,4.50,blander sammen,4.59,mixen,3.93,mix,2.92,sekoittaa,3.24,rühren,4.29,__________,5.75,le'arbel,3.81,összekever,3.39,hræra,3.63,(ag) meascadh,5.92,zamisa,4.00,mescolare,4.54,plakti,4.23,mixen,5.24,t_awwad,5.42,miksowa_,5.08,________,3.69,mix,4.76,me_ati,4.82,__aha_,6.00,batir,3.17,blanda,4.59,çırpmak
mop,verb,4.95,mop,4.05,fregar,6.00,mopper,4.68,dweilen,4.87,mop,3.70,luututa,3.43,wischen,4.28,____________,3.19,lenakot,4.43,felmos,3.87,skúra,3.00,(ag) glanadh,6.09,korobha,4.29,spazzare,3.54,valyti,3.64,wëschen,4.24,ta_sel ,4.00,my_ pod_og_,3.19,____ ___,3.93,mop,4.61,_istiti,4.81,zm_va_,4.82,fregar,4.57,skura,4.31,yer silmek
open,verb,3.27,oopmaak,2.70,obrir,2.83,åbner,3.82,openen,3.02,open,1.92,avata,2.71,öffnen,3.03,_______,2.45,lifto'ax,4.48,nyit,2.26,opna,2.79,(ag) oscailt,4.76,vula,2.63,aprire,3.00,atidaryti,2.68,opmaachen,4.10,tifta_,2.84,otwiera_,2.28,_________,2.71,open,3.58,otvoriti,2.61,otvára_,2.64,abrir,2.39,öppna ,2.44,açmak
operate,verb,5.67,opereer,6.30,operar,5.48,opererer,6.09,opereren,6.66,operate,2.33,leikata,4.95,operieren,6.79,__________,6.55,lenate'ax,3.38,m_t,5.91,skera upp,6.68,(ag) déanamh oibráid ar,6.96,qhaqha,6.63,operare,6.25,operuoti,5.24,operéieren,7.90,topera,6.09,operowa_,6.89,___________,6.71,operate,6.42,operisati,5.91,operova_,6.14,operar,6.00,operera,5.87,ameliyat etmek
paint,verb,3.78,verf,3.05,pintar,2.91,maler,3.45,verven,3.31,paint,2.42,maalata,4.95,streichen,5.12,_π_________,2.67,licbo'a,5.95,fest,3.70,mála,3.11,(ag) péinteáil,8.86,peyinta,4.58,dipingere,2.93,pie_ti,3.18,molen,5.81,tbajjad,3.03,malowa_,3.19,_______,3.24,paint,4.64,slikati,2.91,ma_ova_,2.91,pintar,2.78,måla,3.08,boyamak
pee,verb,2.59,piepie,2.35,fer pipi,2.09,tisser,2.23,plassen,3.35,pee,1.46,pissata,3.24,pinkeln,3.19,_________,4.42,lehashtin,3.90,pisil,2.17,pissa,4.11,(ag) múin,4.33,chama,2.25,fare pip_,5.19,_lapintis,2.52,pissen,5.10,tpixxi,2.50,sika_,3.31,______,3.21,pee,3.09,pi_kiti,1.91,cika_,5.00,orinar,2.22,kissa,2.84,i_emek
peel,verb,4.05,skil,3.90,pelar,3.83,skræller,4.05,schillen,4.82,peel,2.79,kuoria,3.67,schälen,5.00,___________,3.90,lekalef,2.33,hámoz,4.45,skræla,7.00,(ag) scamh,5.09,xuba,4.71,sbucciare,4.18,lupti,3.91,schielen,5.71,tqaxxar,4.23,obiera_,3.19,_______,3.88,peel,5.30,lju_titi,4.36,lúpa_,4.41,pelar,3.52,skala,3.95,soymak
photograph,verb,5.00,afneem,5.05,fotografiar,4.43,fotograferer,5.25,fotograferen,5.33,photograph,3.46,kuvata,4.52,fotografieren,4.71,____________,3.86,lecalem,4.71,fényképez,4.04,taka mynd,6.42,(ag) tógaint ghrianghraf,6.80,fota,4.88,fotografare,4.39,fotografuoti,4.00,fotographéieren,5.48,ti_bed,4.25,robi_ zdj_cie,3.97,_______________,5.05,photograph,4.48,slikati,4.45,fotografova_,5.41,hacer una foto,4.91,fotografera,3.92,foto_raf çekmek
pick,verb,3.81,pluk,3.75,collir,3.13,plukker,3.68,plukken,3.52,pick,3.04,poimia,3.57,pflücken,3.37,_____,3.05,liktof,3.95,szed,3.48,tína,3.35,(ag) piocadh,6.14,ukukh'iintyantyambo,3.58,raccogliere,3.68,skinti,2.91,plécken,5.10,taqta',3.56,zrywa_ kwiaty,3.47,_______,3.41,pick,4.09,brati,3.09,trha_,4.44,coger,3.35,plocka ,3.21,çiçek toplamak
pinch,verb,3.46,knyp,3.85,pessigar,3.50,napper,3.36,knijpen,3.94,pinch,2.71,nipistää,4.14,kneifen,3.95,____π___,3.80,licbot,3.57,csíp,3.52,klípa,6.47,(ag) baint pinseog as,5.28,tsweba,4.13,pizzicare,3.96,gnybti,3.27,pëtzen,5.29,toqros,3.78,szczypa_,3.14,______,3.48,pinch,4.33,_tipati,3.39,_típa_,4.45,pellizcar,3.43,nypa,4.11,çimdiklemek
plant,verb,3.76,plant,4.25,plantar,3.83,planter,4.41,planten,4.21,plant,3.92,istuttaa,3.76,pflanzen,4.39,________,3.62,lishtol,3.43,ültet,4.83,gró_ursetja,4.53,(ag) cuir planda,6.48,tyala,4.00,piantare,3.96,sodinti,4.05,planzen,6.29,t_awwel,4.44,sadzi_,3.53,______,3.51,plant,4.91,saditi,4.15,sadi_,6.05,plantar,4.57,plantera,4.28,dikmek
play [the piano],verb,4.81,speel [klavier],5.15,tocar (el piano),3.00,spiller,2.50,spelen,2.46,play [the piano],2.54,soittaa (pianoa),4.71,Klavier spielen,4.56,π_____ (__ π____),2.90,lenagen ,4.48,zongorázik,3.09,spila,4.95,(ag) seinm pianó,8.32,dlal'ipiyano,3.42,suonare,3.71,groti,3.55,[Piano] spillen ,4.52,iddoqq,4.26,gra_ [na pianinie],1.97,______,2.36,play,4.36,svirati,2.21,hra_,5.14,tocar el piano,2.74,spela ,6.05,piyano çalmak
play golf,verb,,,9.25,jugar golf,6.36,spiller golf,7.24,golfen,5.53,play golf,6.89,golfata,7.30,golfen,,,7.06,lesaxek golf,5.14,golfozik,6.48,spila golf,5.44,(ag) imirt gailf,8.21,dlal'igalufa,2.38,giocare,9.50,_aisti golf_,5.43,Golf spillen,7.14,tilg_ab golf,,,8.63,______ _ _____,6.10,putt,3.73,igrati,2.00,hra_ golf,7.94,jugar al golf,6.57,spela golf ,6.75,golf oynamak
plow,verb,5.00,ploeg,5.65,llaurar,4.86,pløjer,5.71,ploegen,6.19,plow,5.04,kyntää,6.00,pflügen,5.66,_______,6.15,laxarosh,9.14,szánt,6.77,plægja,5.35,(ag) treabhadh ,6.62,lima,5.67,arare,4.79,arti,5.24,plouen,5.52,ta_rat,6.25,ora_,5.36,______,6.80,plough,5.61,orati,4.70,ora_,7.27,arar,6.13,plöja ,5.16,tarla sürmek
post,verb,4.51,pos,5.05,tirar una carta,5.86,poster,4.91,posten,4.22,post,3.96,postittaa,4.52,einwerfen,5.45,__________,4.10,lishlo'ax mixtav,4.67,felad levelet,5.61,póstleggja,5.21,(ag) postáil,5.40,posa,5.42,imbucare,5.04,si_sti [pa_tu],4.33,verschécken,5.67,timposta,4.44,wysy_a_,4.83,__________ __ _____,4.54,post,5.06,poslati,3.79,posiela_,5.45,enviar,3.83,posta,5.51,postalamak
pour,verb,3.81,ingooi,5.95,abocar,3.18,hælder op,4.18,gieten,4.09,pour,1.92,kaataa,3.81,eingießen,3.97,_____,4.24,limzog,4.81,önt,3.39,hella,3.56,(ag) doirteadh,5.05,galela,3.92,versare,3.43,pilti,3.32,schëdden,5.67,tferra',3.47,nalewa_,2.81,________,3.50,pour,4.27,sipati,3.45,lia_,5.38,servir,3.26,hälla,3.42,doldurmak
pull,verb,3.44,trek,4.11,tibar,3.57,trækker,3.32,trekken,3.11,pull,2.39,vetää,2.95,ziehen,3.66,_______,3.05,limshox,4.00,húz,3.30,toga,3.47,(ag) tarraingt,5.20,tsala,3.21,tirare,3.93,traukti,3.05,zéien,5.19,ti_bed,3.53,ci_gn__,2.92,______,3.27,pull,4.33,vu_i,3.00,_aha_,3.14,tirar,3.22,dra,3.49,çekmek
push,verb,3.41,stoot,4.50,empènyer,2.83,skubber,3.00,duwen,3.12,push,2.33,työntää,2.90,schieben,4.07,_π______,2.86,lidxof,4.00,tol,3.09,_ta,3.50,(ag) brú,6.19,tyhiliza,3.50,spingere,3.75,stumti,2.95,drécken,5.71,timbotta,3.44,pcha_,2.58,_______,2.64,push,4.15,gurati,3.33,tla_i_,3.55,empujar,3.61,putta,3.08,itmek
rain,verb,3.05,reën,2.85,ploure,2.74,regner,2.82,regenen,3.00,rain,1.75,sataa,2.43,regnen,3.21,______,2.45,yored geshem,3.50,esik,3.09,rigna,2.67,ag cur báistí ,4.42,iyanetha,2.83,piovere,3.04,lyti,2.73,reenen,3.90,tag_mel ix-xita,3.42,pada_,2.33,____ _____,2.71,rain,3.55,pada ki_a,2.52,pr_a_,3.14,llover,2.65,regna,2.95,ya_mur ya_mak
rake,verb,4.70,hark,9.11,rascletejar,3.61,river,4.68,harken,5.48,rake,2.92,haravoida,7.24,harken,5.35,________,5.05,ligrof,4.71,gereblyéz,3.91,raka,6.19,(ag) rácáíl,9.19,tshwenta,5.33,rastrellare,4.36,gr_bti,4.27,reechen,6.53,twitti,4.13,grabi_,4.26,________ ________,4.70,rake,4.39,skupljati,4.00,hraba_,3.68,limpiar,3.74,kratta,5.31,tırmıklamak
read,verb,3.49,lees,3.70,llegir,3.00,læser,3.18,lezen,3.19,read,2.04,lukea,3.19,lesen,3.41,________,3.52,likro,3.57,olvas,3.00,lesa,3.05,(ag) léamh,5.38,funda,3.50,leggere,3.61,skaityti,3.05,liesen,4.29,taqra,3.03,czyta_,2.81,______,3.36,read,4.33,_itati,2.97,_íta_,3.45,leer,3.09,läsa,3.62,okumak
ride [a horse],verb,4.00,ry [perd],5.30,muntar,3.43,rider,4.36,paardrijden,3.67,ride [a horse],2.88,ratsastaa,3.52,reiten,5.88,_ππ____,3.80,lirkov,4.48,lovagol,5.05,rí_a,4.00,(ag) marcaíocht,6.92,qabel'ihashe,4.71,cavalcare,4.25,joti,3.95,[Päerd] reiden,5.29,tirkeb,5.38,je_dzi_ konno,3.83,_____ __ ______,3.02,ride,5.06,jahati,4.12,jazdi_,4.45,montar,3.70,rida,4.76,ata binmek
ring,verb,4.05,lui [klokkie],3.55,trucar,4.04,ringer på,3.95,aanbellen,4.12,ring,3.17,soittaa (ovikelloa),2.90,klingeln,8.55,______,3.14,lecalcel,3.33,csönget,3.57,hringja,4.47,ag bualadh cloig,5.52,khalisa,3.50,suonare,3.96,skambinti,3.05,schellen,4.62,i__empel,3.50,dzwoni_,3.11,_______,4.10,ring,4.30,zvoniti,3.00,zvoni_,4.57,picar el timbre,3.26,ringa ,3.59,zil çalmak
roast,verb,4.68,braai [English: roast],5.05,rostir,4.71,griller,5.14,braden,5.66,roast,2.63,paistaa,4.38,braten,3.98,_____,7.25,liclot,3.90,sül,6.86,grilla,4.56,(ag) róstadh,6.27,gcada,5.67,arrostire,3.61,kepti,4.27,broden,6.57,tixwi,4.19,piec,3.50,______,5.02,braai,4.85,pe_i se,4.61,opeka_,6.05,asar,4.86,grilla ,4.82,ate_te pi_irmek
row,verb,5.11,roei,5.45,remar,4.57,ror,5.00,roeien,4.80,row,3.13,soutaa,5.10,rudern,6.38,__π______,7.15,laxtor,4.62,evez,4.26,róa,4.67,(ag) rámhaíocht,5.68,nxola,5.00,remare,5.64,irkluoti,5.62,rudderen,6.10,taqdef,5.25,wios_owa_,4.86,______,4.44,row,5.42,veslati,6.21,veslova_,5.86,remar,3.74,ro,6.64,kürek çekmek
run,verb,3.14,hardloop,2.95,córrer,2.35,løber,4.32,hardlopen,2.86,run,1.79,juosta,2.43,rennen,3.00,______,2.62,laruc,3.19,fut,2.48,hlaupa,2.79,(ag) rith,4.78,baleka,2.79,correre,3.04,b_gti,2.45,lafen,4.00,ti_ri,2.72,biega_,2.25,______,2.60,run,3.39,tr_ati,2.55,be_a_,2.86,correr,2.74,springa,2.38,ko_mak
sail,verb,5.39,seil,4.95,navegar,3.39,sejler,5.45,zeilen,5.05,sail,4.79,purjehtia,5.19,segeln,6.39,π____,4.81,lashut,7.14,vitorlázik,3.87,sigla,4.26,(ag) seoladh,7.74,hamba ngesikhephe,5.04,navigare,8.11,buriuoti,4.90,seegelen,6.48,tba__ar,6.13,_eglowa_,3.06,_______,4.95,sail,5.15,ploviti,5.52,plavi_ sa,6.36,navegar,4.65,segla,6.82,yelken açmak
saw,verb,4.78,saag,5.35,serrar,3.59,saver,4.36,zagen,4.34,saw,3.25,sahata,4.38,sägen,3.46,_____,5.70,lenaser,4.90,f_részel,4.04,saga,6.47,(ag) sábhadh,6.23,sarha,5.83,segare,3.79,pjauti,4.36,seeën,6.57,tisserra,4.88,pi_owa_,4.00,______,4.10,saw,4.61,se_i,4.55,píli_,10.94,serrar,3.96,såga,3.15,kesmek
search,verb,,,3.15,buscar,4.78,søger,3.00,zoeken,5.02,search,2.28,etsiä,2.48,suchen,,,3.14,lexapes,3.86,keres,3.26,leita,4.26,(ag) cuardach,5.71,khangela,3.00,cercare,3.54,ie_koti,2.73,sichen,5.14,tfittex,,,2.47,______,3.69,look,4.06,tra_iti,2.00,h_ada_,3.41,buscar,2.48,leta ,3.81,aramak
sew,verb,4.84,vaswerk,4.00,cosir,3.61,syr,4.64,naaien,5.26,sew,2.88,ommella,4.33,nähen,4.75,_____,4.67,litpor,4.00,varr,3.57,sauma,4.05,(ag) fuáil,7.61,thunga,4.54,cucire,3.89,si_ti,3.55,bitzen,5.62,t_it,3.91,szy_,3.53,____,3.95,sew,5.15,_iti,3.85,_i_,4.77,coser,3.17,sy,4.87,diki_ dikmek
sharpen,verb,6.17,slyp,6.26,afilar,4.65,sliber,5.73,slijpen,5.15,sharpen,4.13,teroittaa,5.86,schärfen,6.13,________,5.50,lehashxiz,5.19,élez,5.26,br_na,5.06,(ag) géarú,5.54,lola,6.08,affilare,5.57,gal_sti,5.43,schläifen,5.95,ssinn,5.13,ostrzy_,4.19,______,4.95,sharpen,5.42,o_triti,5.64,brúsi_,6.19,afilar,5.30,slipa ,7.82,bilemek
shave,verb,4.89,skeer [English: shave],4.45,afaitar-se,4.13,barberer,4.45,scheren,5.54,shave,3.46,ajaa partaa,4.62,rasieren,4.70,_________,4.50,lehitgale'ax,4.57,borotválkozik,4.30,raka sig,4.68,(ag) bearradh féasóige,6.00,cheb'iinwele,6.83,radersi,5.39,skustis,4.05,raséieren,5.86,tqaxxar,4.94,goli_ si_,4.39,_____,5.07,shave,5.61,brijati se,5.03,holi_ sa,6.09,afeitar,4.35,raka sig ,4.47,tra_ olmak
shear,verb,5.38,skeer  [English: shear],6.10,esquilar,3.17,klipper,4.55,scheren,6.50,shear,5.38,keritä,4.95,scheren,4.10,________,7.35,ligzoz,4.81,nyír,6.27,r_ja,7.25,(ag) lomadh,8.67,cheb'igusha,6.71,tosare,3.75,kirpti,4.79,schueren,5.90,tqaxxar,4.74,goli_,3.53,___________,7.34,shear,4.58,_i_ati,3.24,striha_,9.32,trasquilar,3.22,klippa,5.37,kırpmak
shower,verb,4.81,stort,5.15,dutxar-se,4.00,tager et brusebad,3.23,douchen,4.43,shower,2.96,peseytyä,3.90,duschen,3.61,______,2.95,lehitkale'ax,5.05,zuhanyzik,4.87,fara í sturtu,5.42,(ag) tógaint cith,6.75,shawarisha,4.04,farsi la doccia,3.43,maudytis,3.59,duschen,5.19,tie_u shower,5.00,bra_ prysznic,4.26,_________ ___,4.07,shower,4.33,tu_irati se,3.97,sprchova_ sa,3.50,ducharse,4.17,duscha,4.77,du_ yapmak
sing,verb,2.92,sing,2.80,cantar,2.39,synger,2.82,zingen,3.06,sing,1.58,laulaa,2.29,singen,3.17,__________,2.19,lashir,3.05,énekel,2.52,syngja,2.89,(ag) canadh,4.30,cula,2.83,cantare,2.96,dainuoti,2.45,sangen,3.86,tkanta,2.94,_piewa_,2.47,____,2.76,sing,3.52,pevati,2.48,spieva_,3.00,cantar,2.35,sjunga,3.00,_arkı söylemek
sink,verb,4.51,sink,4.85,enfonsar-se,3.87,synker,4.59,zinken,4.49,sink,3.67,upota,5.33,sinken,5.52,_________,4.80,litboa,5.48,süllyed,4.74,sökkva,,,7.32,zika,5.50,affondare,4.61,sk_sti,4.45,ënnergoen,5.24,teg_req,4.97,ton__,3.81,______,4.59,sink,5.36,tonuti,4.52,topi_ sa,5.23,hundir,4.17,sjunka,4.03,batmak
sit,verb,2.57,sit,2.65,seure,2.26,sidder,2.18,zitten,2.65,sit,1.33,istua,1.95,sitzen,3.00,_______,2.00,lashevet,2.62,ül,2.26,sitja,2.68,(ag) suí,4.46,chopha,2.58,sedere,2.82,s_d_ti,2.64,sëtzen,3.86,tpo__i,2.59,siedzie_,1.92,______,2.21,sit,3.09,sedeti,2.09,sedie_,4.17,sentarse,2.52,sitta,2.51,oturmak
skate,verb,6.19,rolskaats,5.35,patinar,4.78,står på rulleskøjter,4.86,rolschaatsen,5.15,skate,6.96,rullaluistella,5.62,eislaufen,7.09,π_________,3.60,lehaxalik,6.48,görkorcsolyázik,4.13,skauta,5.82,(ag) scátáil,8.00,skeyitha,5.00,pattinare,4.07,_iuo_ti,4.38,[Rollschong] fueren,5.81,tiskejzja,6.94,je_dzi_ na rolkach,6.92,________ __ _______,5.55,skate,3.97,voziti se,4.97,kor_u_ova_ sa,4.50,patinar,5.43,åka rullskridskor,6.05,paten kaymak
ski,verb,6.05,ski,6.90,esquiar,4.74,står på ski,5.68,skiën,5.91,ski,2.46,hiihtää,2.52,fahren,5.69,_____ ___,5.40,liglosh,5.43,síel,4.74,renna sér á skí_um,7.39,(ag) sciáil,7.71,dlal'ekhephini,5.00,sciare,5.14,slidin_ti,5.29,[Schi] fueren,5.52,tiskijja,4.63,je_dzi_ na nartach,4.56,________ __ _____,5.50,ski,6.03,skijati,4.79,ly_ova_ sa,6.29,esquiar,4.35,åka skidor,6.56,kayak yapmak
sleep,verb,2.65,slaap,2.40,dormir,2.17,sover,1.91,slapen,2.34,sleep,1.33,nukkua,1.90,schlafen,2.69,________,2.00,lishon,2.86,alszik,2.17,sofa,2.60,(ag) codladh ,3.16,lala,2.42,dormire,2.64,miegoti,2.18,schlofen,3.33,torqod,2.39,spa_,1.82,_____,2.07,sleep,2.94,spavati,1.76,spa_,2.50,dormir,2.13,sova,2.11,uyumak
slide,verb,3.39,gly [English: slide],3.95,baixar pel tobogan,3.04,rutsjer,3.23,glijden,3.37,slide,2.17,laskea (liukumäkeä),2.38,rutschen,3.73,_____ _________ ,3.02,lehitgalesh,3.67,csúszik,3.09,renna sér,3.47,(ag) sleamhnú,6.00,tyibilika,3.46,scivolare,4.14,_iuo_ti,2.41,rutschen,4.25,ti__er_aq,3.47,zje_d_a_,3.25,________,3.27,slide,4.30,spu_tati se,2.79,_m_ka_ sa,5.50,resbalar,3.43,åka rutschkana,3.54,kaymak
slip,verb,3.97,gly [English: slip],4.00,relliscar,4.00,glide,4.18,uitglijden,4.02,slip,2.88,liukastua,3.67,ausrutschen,4.56,_________,4.85,lehaxalik,4.33,elcsúszik,2.83,renna ,5.82,(ag) sciorradh,6.43,phuncuka,3.54,scivolare,3.86,paslysti,3.59,ausrutschen,4.90,ti_loq,4.19,po_lizgn__ si_,3.72,_______________,3.52,slip,4.58,okliznuti se,3.48,po_myknú_ sa,6.22,deslizar,3.04,halka ,3.77,kaymak
smell,verb,3.16,ruik,3.20,olorar,3.43,dufter,3.14,ruiken,3.21,smell,2.29,haistaa,2.48,riechen,3.32,_______,2.81,lehari'ax,3.52,szagol,4.13,_efa af,5.76,(ag) bolú,4.86,nukisa,4.21,annusare,3.39,uostyti,2.77,richen,4.52,ixxomm,3.31,w_cha_,2.53,______,2.62,smell,3.58,mirisati,3.12,vo_a_,3.32,oler,2.87,lukta,3.16,koklamak
smoke,verb,4.38,rook,4.90,fumar,3.57,ryger,4.73,roken,5.50,smoke,4.29,tupakoida,4.57,rauchen,5.16,__π_____,5.75,le'ashen,4.67,dohányzik,4.17,reykja,5.53,(ag) caitheamh tabac,7.18,tshaya,5.08,fumare,5.61,r_kyti,3.86,fëmmen,5.81,tpejjep,3.81,pali_,4.47,______,4.68,smoke,5.73,pu_iti,4.79,faj_i_,4.86,fumar,4.39,röka,4.34,sigara içmek
snow,verb,4.86,sneeu,4.05,nevar,2.70,sner,3.27,sneeuwen,3.33,snow,2.00,sataa lunta,2.62,schneien,4.22,________,4.50,yored sheleg,3.24,havazik,3.00,snjóa,3.21,(ag) cur sneachta,6.68,ukukhithika,3.50,nevicare,3.39,snigti,2.82,schneien,6.14,tin_el il-borra,5.13,_nie_y_,2.56,____ ____,4.45,snow,3.21,pada sneg,2.48,sne_i_,4.59,nevar,2.57,snöa ,3.45,kar ya_mak
spill,verb,2.97,mors,5.40,vessar,2.96,vælter,3.77,morsen,3.49,spill,2.08,kaataa,3.62,umkippen,3.69,_____,2.81,lishpox,3.71,kiönt,2.65,sulla,3.78,(ag) doirteadh,5.00,chitha,4.21,versare,3.36,i_pilti,2.93,sabbelen ,4.52,twaqqa',3.19,rozla_,2.86,_______,2.95,spill,4.36,prosipati,2.70,rozlia_,3.36,tirar,2.96,spilla,2.89,dökmek
spin,verb,4.86,spin,6.65,filar,4.55,spinder,5.57,spinnen,3.78,spin,4.38,kehrätä,5.62,spinnen,5.40,_____________,7.00,litvot,4.76,fon,5.61,spinna,6.31,(ag) sní,8.50,thungangomeshini,3.33,girare,5.21,verpti,5.67,spannen,8.00,tinse_,7.34,prz___,5.20,______,5.25,weave,6.18,presti,6.24,prias_,4.22,girar,5.00,spinna,8.47,e_irmek
squeeze,verb,3.24,druk,5.85,esprémer,4.87,presser,5.64,uitknijpen,3.97,squeeze,3.38,puristaa,4.86,auspressen,4.85,______,4.55,lisxot,5.42,facsar,4.48,kreista,4.94,(ag) fáscadh,5.52,khama,5.71,spremere,3.96,spausti,4.62,auspressen,5.90,tag_sar,4.94,wyciska_,4.19,________,3.45,squeeze,5.39,cediti,4.76,_m_ka_,5.27,exprimir,4.91,pressa,3.59,sıkmak
steal,verb,4.41,steel,6.00,robar,4.52,stjæler,4.77,stelen,4.70,steal,3.96,varastaa,4.38,stehlen,4.79,______,4.50,lignov,5.00,lop,4.43,stela,3.95,(ag) goid,5.74,yiba,4.63,rubare,4.79,vogti,4.50,klauen,6.52,tisraq,5.09,kra__,4.40,_______,4.32,steal,5.13,krasti,4.88,kradnú_,4.95,robar,4.96,stjäla,3.74,çalmak
sting,verb,4.05,steek,4.10,picar,3.70,stikker,4.59,steken,4.34,sting,2.79,pistää,3.57,stechen,6.76,_________,3.76,la'akoc,3.35,csíp,4.00,stinga,7.88,(ag) cur cealg i,8.24,lunywa yinyosi,4.17,pungere,4.79,_gelti,3.05,picken,6.05,tnigge_,5.06,__dli_,3.86,_______,4.02,sting,4.82,ubosti,3.55,po_típa_,4.45,picar,3.32,sticka,4.41,böcek sokmak
stir,verb,3.46,roer,3.95,remenar,3.17,rører,3.41,roeren,4.40,stir,2.63,sekoittaa,3.24,umrühren,4.22,__________,5.10,livxosh,4.00,kever,3.41,hræra,5.47,(ag) corraí,5.08,zamisa,3.67,mescolare,3.68,mai_yti,3.14,réieren,5.48,t_awwad,3.69,miesza_,3.06,______,3.76,stir,4.79,me_ati,3.30,mie_a_,5.52,revolver,4.17,röra om ,4.10,karı_tırmak
stroke,verb,3.49,vryf,3.80,acariciar,2.57,aer,2.59,aaien,3.61,stroke,2.50,silittää,2.52,streicheln,3.76,________,2.57,lelatef,3.33,simogat,2.45,klappa,4.42,(ag) cuimilt,5.30,bhrasha,3.58,accarezzare,3.43,glostyti,2.77,heemelen,5.67,tmelles,2.91,g_aska_,3.14,_______,4.08,pet,3.67,maziti,2.76,hladka_,3.91,acariciar,2.74,klappa,4.29,ok_amak
sunbath,verb,5.78,tan,5.25,prendre el sol,5.26,solbader,5.18,zonnen,5.93,sunbath,4.29,ottaa aurinkoa,4.71,sonnen,5.65,________,4.95,lehishtazef,4.67,napozik,4.91,vera í sólba_i,4.68,(ag) luí faoin ngrian,6.96,gcakamel'ilanga,4.88,abbronzarsi,4.96,degintis,4.86,sonnen,6.10,tixxemmex,5.13,opala_ si_,4.03,________,6.10,tan,5.00,sun_ati se,4.82,opa_ova_ sa,7.05,broncearse,3.61,sola ,4.77,güne_lenmek
surf,verb,,,9.80,fer surf,7.83,surfer,6.00,surfen,6.29,surf,6.53,surffata,7.50,surfen,,,5.00,liglosh,8.90,szörfözik,9.39,vera á brimbretti,8.63,(ag) surfáil,7.52,qabel'amaza,8.75,surfare,10.14,plaukti banglente,7.05,surfen,8.15,tisserfja,,,10.03,__________ _________,5.80,surf,4.29,voziti,7.22,surfova_,6.50,surfear,6.83,surfa ,8.10,sörf yapmak
sweat,verb,4.59,sweet,5.25,suar,4.17,sveder,5.05,zweten,5.42,sweat,4.79,hikoilla,4.67,schwitzen,4.99,_______,4.57,lehazia,4.86,izzad,5.83,svitna,4.44,(ag) cur allais,5.21,bila,4.67,sudare,5.75,prakaituoti,3.77,schweessen,5.67,teg_req,5.25,poci_ si_,4.44,______,5.26,sweat,5.15,znojiti se,5.33,poti_ sa,5.05,sudar,4.48,svettas ,3.89,terlemek
sweep,verb,3.57,vee,4.00,escombrar,3.09,fejer,3.59,vegen,4.78,sweep,3.08,lakaista,3.81,fegen,3.81,____π____,3.29,letate,3.67,seper,3.30,sópa,3.05,(ag) scuabadh,6.08,tshayela,4.38,spazzare,3.61,_luoti,3.27,kieren,4.71,tiknes,4.03,zamiata_,3.33,_________,3.24,sweep,4.55,_istiti,3.33,zameta_,4.19,barrer,3.74,sopa,3.64,süpürmek
swim,verb,3.41,swem,3.95,nedar,3.13,svømmer,3.00,zwemmen,3.47,swim,2.25,uida,3.52,schwimmen,3.53,_____π___,3.81,lisxot,4.29,úszik,3.83,synda,3.33,(ag) snámh,7.05,qubha,3.54,nuotare,3.82,plaukti,3.27,schwammen,4.24,tg_um,3.94,p_ywa_,3.22,_____,3.10,swim,3.97,plivati,3.67,pláva_,3.73,nadar,3.39,simma,3.72,yüzmek
swing,verb,3.35,swaai,3.45,gronxar,2.48,gynger,3.27,schommelen,3.49,swing,2.13,keinua,2.19,schaukeln,3.31,_______,2.43,lehitnadned,3.14,hintázik,2.87,róla sér,3.16,(ag) luascadh ,4.92,jinga,4.13,dondolarsi,3.39,suptis,2.68,klunschen,4.14,titbandal,3.09,hu_ta_ si_,2.50,________,2.93,swing,3.55,ljuljati se,2.52,hojda_ sa,5.57,mecer,2.70,gunga,3.28,sallanmak
talk [on the phone],verb,3.84,praat [op die foon],5.10,telefonar,3.00,taler,3.23,bellen,2.69,talk [on the phone],1.96,puhua,3.33,telefonieren,3.69,__________,2.43,ledaber,3.43,telefonál,2.57,tala,4.42,(ag) caint ar an bhfón,5.13,ncokol'efowunini,3.54,parlare al telefono,3.82,skambinti,3.23,telefonéieren,5.19,titkellem (fuq it-telefown),4.97,telefonowa_,2.00,________,2.29,talk,4.67,telefonirati,3.39,telefonova_,4.09,hablar por teléfono,2.35,prata ,3.66,telefonla konu_mak
tear,verb,4.00,skeur,3.85,estripar,6.26,flænser,3.95,scheuren,4.34,tear,2.54,repiä,3.90,zerreißen,4.20,______,3.14,likro'a,4.10,tép,3.36,rífa,4.76,(ag) sracadh ,5.32,krazula,3.96,strappare,4.75,perpl__ti,3.50,zerrappen,4.29,tqatta',4.31,drze_,3.00,_____,3.90,tear,4.76,cepati,3.21,trha_,6.24,rasgar,3.39,riva,3.23,yırtmak
throw,verb,3.68,weggooi,3.45,llançar,3.14,smider,3.95,weggooien,3.28,throw,2.00,heittää,2.76,werfen,3.18,π_____,2.71,lizrok,3.95,kidob,3.22,henda,3.32,(ag) caitheamh,4.26,lahla,4.29,gettare,3.07,mesti,2.86,geheien,4.33,tarmi,3.44,wyrzuca_,2.89,___________,3.05,throw away,3.58,baciti,2.76,hádza_,3.45,tirar,2.43,kasta,2.56,atmak
tie,verb,3.76,vasmaak,3.45,cordar,3.57,binder,4.05,vastmaken,4.14,tie,3.42,sitoa,3.62,zubinden,3.88,_____,3.57,likshor (srox),4.00,cip_f_z_t köt,3.43,reima,3.74,(ag) ceangailt,5.23,boph'imitya,4.46,legare,3.54,u_ri_ti,3.41,strécken,5.57,taqfel,3.78,wi_za_,3.10,__________,3.79,tie,4.64,vezivati,3.72,zaväzova_,4.23,atar,3.04,knyta,3.85,ba_lamak
type,verb,5.65,tik,5.85,escriure a màquina,8.05,skriver på computer,5.45,typen,5.84,type,4.25,kirjoittaa (koneella),5.29,tippen,6.66,_____________,6.82,lehaklid,6.24,gépel,5.91,vélrita,5.74,(ag) clóscríobh,9.24,tayipha,6.54,scrivere a macchina,6.36,spausdinti,5.52,tippen,5.76,tittajpja,5.69,pisa_ na maszynie,6.31,________,5.59,type,4.21,kucati,5.39,písa_ na stroji,6.00,escribir a máquina,3.36,skriva,6.72,daktilo yazmak
vacuum,verb,5.05,stofsuig,6.65,aspirar,3.30,støvsuger,3.86,stofzuigen,5.40,vacuum,2.92,imuroida,3.90,staubsaugen,3.75,_________,4.24,lish'ov,6.10,porszívóz,3.96,ryksuga,8.47,(ag) folúsghlanadh,6.00,huva,3.17,pulire,3.32,valyti,3.77,staubsaugeren,4.19,tnaddaf,4.16,odkurza_,4.00,__________,4.83,vacuum,4.94,usisavati,3.47,vysáva_,6.50,aspirar,3.57,dammsuga ,5.39,elektrik süpürgesiyle temizlik yapmak 
wake up,verb,3.22,wakker word,3.00,despertar-se,2.65,vågner,2.82,opstaan,2.97,wake up,1.79,herätä,3.00,aufwachen,2.97,__π____,3.14,lehit'orer,3.05,felébred,2.87,vakna,2.74,(ag) eirí ,3.72,vuka,2.88,svegliarsi,3.54,atsibusti,3.05,erwächen,3.95,tqum,3.00,budzi_ si_,2.44,___________,2.81,wake up,3.73,buditi se,2.48,zobudi_ sa,3.18,despertar,2.78,vakna ,2.55,uyanmak
walk,verb,2.78,stap,2.40,caminar,2.30,går,2.05,lopen,2.55,walk,1.71,kävellä,2.10,gehen,2.94,π__π_____,2.05,lalexet,2.81,jár,2.70,ganga,2.58,(ag) siúl,3.86,hamba,2.46,camminare,2.46,eiti,2.36,goen,3.48,timxi,2.48,i__,1.89,____,2.17,walk,3.06,hodati,2.58,krá_a_,3.09,caminar,2.13,gå,2.10,yürümek
wash [clothes],verb,2.78,was,3.20,rentar,3.04,vasker,3.05,wassen,2.99,wash [clothes],3.83,pyykätä,2.67,waschen,3.41,π_____,3.90,lexabes,3.38,mos,3.00,_vo,3.26,(ag) ní [eádaí],5.40,hlamb'iimpahla,3.29,lavare,3.75,skalbti,3.36,[Kleeder] wäschen,4.10,ta_sel,4.03,pra_,3.08,_______,2.60,wash,4.30,prati,3.61,pra_,3.45,lavar,3.13,tvätta,3.97,çama_ır yıkamak
watch [TV],verb,5.35,kyk [TV],5.90,mirar (la televisió),2.39,kigger,2.82,kijken [tv],3.31,watch [TV],2.29,katsoa televisiota,3.86,fernsehen,2.70,___π__,3.80,licpot ba- televizya,3.60,tévét néz,2.70,horfa,3.84,(ag) féachaint [ar an teilifís],4.58,bukel'iTV,2.42,guardare,4.11,_i_r_ti [televizori_],3.23,[Fernseh] kucken,3.86,tara,3.59,ogl_da_ [telewizj_],1.94,________,3.36,watch,3.15,gledati,3.09,pozera_ (TV),3.59,ver la tele,3.61,titta (på tv),3.53,seyretmek
water,verb,3.65,natgooi,3.50,regar,3.00,vander,5.81,begieten,3.79,water,2.54,kastella,3.24,gießen,3.82,π______,4.19,lehashkot,4.10,öntöz,4.00,vökva,3.21,(ag) cur uisce ar,5.50,nkcenkcesha,4.25,annaffiare,3.79,laistyti,3.33,nätzen,5.52,issaqqi,3.75,podlewa_,3.08,________,2.52,water,4.48,zalivati,3.21,polieva_,4.00,regar,2.96,vattna,3.97,sulamak
wave,verb,2.95,waai,3.15,saludar,2.22,vinker,2.50,zwaaien,2.93,wave,1.67,vilkuttaa,2.24,winken,3.09,_________,5.05,lenofef,3.24,integet,3.96,kve_ja,4.44,(ag) croith le,4.65,bulisa,2.54,salutare,4.00,sveikintis,2.59,wénken,3.71,ixxejjer,2.84,macha_,5.03,______________,2.62,wave,3.33,mahati,2.42,máva_,3.27,saludar,3.17,hälsa,2.49,el sallamak
weigh,verb,5.03,weeg,4.70,pesar,4.43,vejer,4.27,wegen,5.37,weigh,3.67,punnita,4.00,wiegen,4.56,_______,5.95,lishkol,5.10,súlyt mér,4.65,vigta,5.89,(ag) meá,6.14,weyisha,4.75,pesare,4.50,sverti,4.18,weien,6.00,ti_en,4.38,wa_y_,4.19,__________,5.15,weigh,5.18,meriti,4.27,vá_i_,4.57,pesar,3.61,väga,5.31,tartmak
whisper,verb,4.08,fluister,6.35,xiuxiuejar,3.26,hvisker,3.45,fluisteren,3.98,whisper,2.88,kuiskata,3.52,flüstern,4.69,_________,4.00,lilxosh ,4.24,súg,3.30,hvísla,5.42,(ag) cogarnaíl,4.96,sebezela,5.75,sussurrare,6.29,apkalb_ti,3.62,pësperen,7.14,tfesfes,4.44,szepta_,3.39,_______,3.36,whisper,4.39,_aputati,3.36,_epka_,6.09,murmurar,2.61,viska,4.95,fısıldamak
whistle,verb,3.22,blaas,3.95,xiular,3.52,fløjter,3.50,fluiten,4.61,whistle,3.17,viheltää,3.67,pfeifen,4.44,________,4.00,lishrok,3.86,sípol,3.48,flauta,3.63,(ag) feadaíl,6.59,vuthel'impempe,4.46,fischiare,4.46,_vilpti,3.32,päifen,5.05,issaffar,4.28,gwizda_,3.50,________,3.21,blow,4.88,zvi_dati,3.36,píska_,4.57,silbar,3.43,vissla ,3.95,düdük çalmak
wink,verb,4.35,oogknip,5.75,fer l’ullet,3.43,blinker,4.77,knipogen,4.87,wink,4.42,iskeä silmää,4.52,zwinkern,4.04,_______ __ ____,4.86,likroc,4.57,kacsint,4.43,blikka,5.33,(ag) caochadh ,5.89,winka,5.25,fare l'occhiolino,5.43,mirktel_ti,4.35,zoupëtzen,6.29,teg_me_,4.09,mruga_,4.06,___________,4.12,wink,5.36,namignuti,3.45,_murka_,5.45,guiñar un ojo,3.04,blinka ,3.97,göz kırpmak
write,verb,3.70,skryf,3.75,escriure,5.48,skriver i hånden,3.59,schrijven,3.89,write,2.79,kirjoittaa,3.52,schreiben,3.29,______,3.62,lixtov,3.67,ír,3.39,skrifa,3.21,(ag) scríobh,4.58,bhala,3.46,scrivere,3.68,ra_yti,3.50,schreiwen,4.14,tikteb,3.42,pisa_,3.42,______,3.54,write,4.15,pisati,3.61,písa_,3.73,escribir,3.30,skriva,3.72,yazmak